Contract Number,2021 Overall,2022 Overall,2023 Overall,2024 Overall,2025 Overall
E0654 ,N/A,N/A,N/A,N/A,N/A
E3014 ,N/A,N/A,N/A,N/A,N/A
E4744 ,N/A,N/A,N/A,N/A,N/A
H0022 ,N/A,N/A,N/A,N/A,N/A
H0028 ,4.0,4.5,4.0,N/A,3.5
H0029 ,N/A,N/A,N/A,N/A,N/A
H0034 ,N/A,N/A,N/A,N/A,N/A
H0062 ,3.0,3.5,3.5,N/A,3.0
H0074 ,N/A,N/A,N/A,N/A,N/A
H0088 ,N/A,N/A,N/A,N/A,N/A
H0104 ,4.0,4.0,4.5,N/A,3.5
H0107 ,4.0,4.0,4.0,N/A,3.5
H0111 ,3.0,3.5,2.5,N/A,3.0
H0137 ,N/A,N/A,N/A,N/A,N/A
H0148 ,N/A,N/A,N/A,N/A,N/A
H0154 ,4.5,5.0,5.0,N/A,4.0
H0169 ,4.5,5.0,4.5,N/A,4.0
H0174 ,3.5,3.5,2.5,N/A,3.0
H0192 ,N/A,N/A,N/A,N/A,N/A
H0251 ,4.0,4.0,4.5,N/A,3.5
H0270 ,N/A,N/A,N/A,N/A,N/A
H0271 ,N/A,4.0,4.0,N/A,3.5
H0292 ,N/A,5.0,5.0,N/A,4.5
H0294 ,4.5,5.0,4.5,N/A,4.0
H0302 ,3.0,3.5,3.5,N/A,3.0
H0321 ,3.5,4.0,4.0,N/A,3.5
H0332 ,5.0,5.0,5.0,N/A,4.0
H0336 ,N/A,N/A,N/A,N/A,N/A
H0342 ,N/A,N/A,N/A,N/A,N/A
H0351 ,3.0,3.0,2.5,N/A,2.5
H0354 ,4.0,4.5,4.0,N/A,3.5
H0363 ,N/A,N/A,N/A,N/A,N/A
H0422 ,N/A,N/A,N/A,N/A,N/A
H0423 ,3.5,3.5,4.0,N/A,3.0
H0432 ,3.5,4.0,4.0,N/A,3.5
H0439 ,3.5,4.0,3.0,N/A,3.5
H0473 ,N/A,4.0,4.5,N/A,3.5
H0480 ,N/A,N/A,N/A,N/A,N/A
H0482 ,N/A,N/A,N/A,N/A,N/A
H0504 ,4.0,4.0,4.0,N/A,3.5
H0523 ,3.5,4.0,3.5,N/A,3.5
H0524 ,5.0,5.0,5.0,N/A,4.0
H0543 ,4.0,4.0,4.0,N/A,3.5
H0544 ,3.5,3.5,3.0,N/A,3.0
H0545 ,3.5,4.0,N/A,N/A,3.5
H0562 ,4.0,4.0,3.0,N/A,3.5
H0571 ,4.0,4.0,3.0,N/A,3.5
H0609 ,4.0,4.5,3.5,N/A,3.5
H0624 ,4.0,4.0,4.0,N/A,3.5
H0628 ,N/A,3.5,4.0,N/A,3.5
H0630 ,5.0,5.0,5.0,N/A,4.0
H0657 ,N/A,N/A,N/A,N/A,N/A
H0672 ,N/A,N/A,2.5,N/A,N/A
H0710 ,5.0,5.0,5.0,N/A,4.0
H0712 ,3.0,3.5,3.0,N/A,3.0
H0724 ,3.0,2.5,3.0,N/A,2.5
H0755 ,4.0,4.0,4.0,N/A,3.5
H0783 ,N/A,N/A,N/A,N/A,N/A
H0798 ,N/A,N/A,N/A,N/A,N/A
H0838 ,3.5,3.5,3.0,N/A,3.0
H0885 ,N/A,N/A,4.0,N/A,N/A
H0907 ,N/A,N/A,N/A,N/A,N/A
H0908 ,3.5,3.5,3.0,N/A,3.0
H0913 ,3.5,3.5,3.5,N/A,3.0
H0927 ,N/A,N/A,N/A,N/A,N/A
H0969 ,N/A,N/A,3.0,N/A,N/A
H0982 ,N/A,4.0,3.5,N/A,3.5
H1016 ,3.5,4.0,4.0,N/A,3.5
H1019 ,5.0,5.0,4.0,N/A,4.0
H1032 ,4.0,4.5,3.0,N/A,3.5
H1035 ,4.5,4.5,3.5,N/A,3.5
H1036 ,4.5,4.5,4.5,N/A,3.5
H1045 ,3.5,4.5,3.5,N/A,3.5
H1099 ,3.5,4.0,4.0,N/A,3.5
H1100 ,N/A,N/A,N/A,N/A,N/A
H1109 ,3.0,3.5,3.5,N/A,3.0
H1111 ,3.5,4.0,3.5,N/A,3.5
H1112 ,3.5,3.5,2.5,N/A,3.0
H1119 ,N/A,N/A,N/A,N/A,N/A
H1142 ,N/A,N/A,N/A,N/A,N/A
H1170 ,5.0,5.0,5.0,N/A,4.0
H1181 ,N/A,N/A,N/A,N/A,N/A
H1189 ,3.0,3.5,4.0,N/A,3.0
H1205 ,N/A,N/A,N/A,N/A,N/A
H1225 ,3.5,3.5,3.0,N/A,3.0
H1230 ,5.0,5.0,5.0,N/A,4.0
H1248 ,N/A,3.5,4.5,N/A,3.5
H1277 ,N/A,N/A,N/A,N/A,N/A
H1278 ,N/A,4.0,4.0,N/A,3.5
H1290 ,N/A,4.5,4.5,N/A,4.0
H1302 ,N/A,N/A,N/A,N/A,N/A
H1304 ,3.5,4.0,3.5,N/A,3.5
H1350 ,3.5,4.0,3.5,N/A,3.5
H1352 ,3.5,4.5,4.0,N/A,3.5
H1353 ,N/A,N/A,2.5,N/A,N/A
H1360 ,N/A,N/A,3.0,N/A,N/A
H1365 ,4.5,5.0,4.5,N/A,4.0
H1372 ,N/A,N/A,N/A,N/A,N/A
H1375 ,N/A,N/A,2.5,N/A,N/A
H1393 ,N/A,N/A,N/A,N/A,N/A
H1415 ,3.0,4.0,3.5,N/A,3.5
H1416 ,3.0,3.5,2.5,N/A,3.0
H1423 ,N/A,N/A,3.0,N/A,N/A
H1426 ,N/A,4.0,N/A,N/A,3.5
H1436 ,3.0,3.0,N/A,N/A,2.5
H1463 ,4.0,4.0,4.0,N/A,3.5
H1468 ,4.0,4.5,4.5,N/A,3.5
H1537 ,5.0,5.0,5.0,N/A,4.0
H1587 ,4.0,N/A,N/A,N/A,N/A
H1607 ,3.5,4.0,4.0,N/A,3.5
H1608 ,3.5,4.0,3.5,N/A,3.5
H1609 ,4.0,4.5,4.0,N/A,3.5
H1610 ,3.0,3.5,3.5,N/A,3.0
H1644 ,N/A,N/A,N/A,N/A,N/A
H1651 ,N/A,N/A,N/A,N/A,N/A
H1659 ,3.5,4.0,3.5,N/A,3.5
H1660 ,4.0,N/A,N/A,N/A,N/A
H1664 ,N/A,3.0,2.5,N/A,3.0
H1666 ,3.0,3.5,3.5,N/A,3.0
H1692 ,3.5,4.0,3.5,N/A,3.5
H1722 ,N/A,N/A,N/A,N/A,N/A
H1723 ,N/A,N/A,N/A,N/A,N/A
H1732 ,N/A,N/A,2.5,N/A,N/A
H1737 ,3.5,4.0,4.0,N/A,3.5
H1748 ,N/A,N/A,N/A,N/A,N/A
H1774 ,N/A,N/A,N/A,N/A,N/A
H1777 ,4.0,4.5,N/A,N/A,3.5
H1787 ,N/A,N/A,N/A,N/A,N/A
H1821 ,N/A,N/A,3.5,N/A,N/A
H1846 ,3.5,4.5,N/A,N/A,3.5
H1848 ,N/A,N/A,N/A,N/A,N/A
H1862 ,N/A,N/A,N/A,N/A,N/A
H1889 ,N/A,4.0,4.0,N/A,3.5
H1894 ,3.0,3.0,2.5,N/A,2.5
H1914 ,N/A,3.0,2.5,N/A,3.0
H1924 ,N/A,N/A,N/A,N/A,N/A
H1944 ,4.0,4.0,4.0,N/A,3.5
H1947 ,N/A,N/A,3.0,N/A,N/A
H1951 ,4.5,5.0,5.0,N/A,4.0
H1961 ,4.5,5.0,5.0,N/A,4.0
H1969 ,4.5,4.5,4.0,N/A,3.5
H1977 ,N/A,N/A,N/A,N/A,N/A
H1993 ,N/A,N/A,N/A,N/A,N/A
H1994 ,4.0,5.0,5.0,N/A,4.0
H1997 ,4.0,4.5,4.0,N/A,3.5
H2001 ,4.5,5.0,5.0,N/A,4.0
H2011 ,N/A,N/A,N/A,N/A,N/A
H2020 ,N/A,N/A,N/A,N/A,N/A
H2029 ,4.0,N/A,N/A,N/A,N/A
H2032 ,4.0,4.5,4.5,N/A,3.5
H2034 ,N/A,N/A,N/A,N/A,N/A
H2056 ,N/A,3.0,3.0,N/A,3.0
H2108 ,3.5,3.5,3.0,N/A,3.0
H2120 ,N/A,N/A,N/A,N/A,N/A
H2134 ,N/A,N/A,2.0,N/A,N/A
H2161 ,N/A,N/A,N/A,N/A,N/A
H2162 ,N/A,N/A,N/A,N/A,N/A
H2168 ,3.0,3.5,3.5,N/A,3.0
H2171 ,3.5,3.5,3.5,N/A,3.0
H2172 ,5.0,5.0,5.0,N/A,4.0
H2174 ,3.5,4.0,3.0,N/A,3.5
H2185 ,N/A,N/A,N/A,N/A,N/A
H2196 ,N/A,N/A,3.5,N/A,N/A
H2224 ,4.0,4.5,3.0,N/A,3.5
H2225 ,4.5,5.0,4.5,N/A,4.0
H2226 ,5.0,5.0,4.0,N/A,4.0
H2228 ,4.0,4.0,4.0,N/A,3.5
H2230 ,4.5,4.5,4.0,N/A,3.5
H2235 ,N/A,5.0,4.5,N/A,4.5
H2237 ,4.0,4.0,4.0,N/A,3.5
H2241 ,3.0,3.5,N/A,N/A,3.0
H2247 ,N/A,4.0,3.5,N/A,3.5
H2256 ,5.0,5.0,5.0,N/A,4.0
H2261 ,4.5,4.5,4.0,N/A,3.5
H2288 ,N/A,N/A,N/A,N/A,N/A
H2292 ,N/A,5.0,5.0,N/A,4.5
H2320 ,4.0,4.5,5.0,N/A,3.5
H2322 ,4.0,4.5,4.0,N/A,3.5
H2334 ,N/A,N/A,N/A,N/A,N/A
H2354 ,4.5,4.5,4.5,N/A,3.5
H2392 ,N/A,N/A,N/A,N/A,N/A
H2400 ,N/A,N/A,N/A,N/A,N/A
H2406 ,3.5,4.0,3.5,N/A,3.5
H2416 ,4.5,5.0,4.0,N/A,4.0
H2417 ,N/A,N/A,N/A,N/A,N/A
H2419 ,4.5,5.0,4.0,N/A,4.0
H2422 ,5.0,5.0,4.0,N/A,4.0
H2425 ,4.5,5.0,5.0,N/A,4.0
H2450 ,4.0,4.0,4.5,N/A,3.5
H2456 ,4.0,4.5,3.5,N/A,3.5
H2458 ,4.5,4.5,4.0,N/A,3.5
H2459 ,4.5,5.0,4.5,N/A,4.0
H2461 ,4.0,4.5,4.5,N/A,3.5
H2462 ,4.5,5.0,N/A,N/A,4.0
H2463 ,N/A,3.5,3.0,N/A,3.5
H2486 ,4.0,4.0,4.0,N/A,3.5
H2491 ,3.0,3.5,3.5,N/A,3.0
H2506 ,N/A,N/A,N/A,N/A,N/A
H2531 ,N/A,N/A,N/A,N/A,N/A
H2533 ,N/A,N/A,N/A,N/A,N/A
H2563 ,3.5,4.0,4.0,N/A,3.5
H2577 ,N/A,3.5,3.0,N/A,3.5
H2582 ,N/A,4.0,4.0,N/A,3.5
H2591 ,N/A,N/A,N/A,N/A,N/A
H2593 ,3.0,3.5,3.5,N/A,3.0
H2610 ,4.5,5.0,5.0,N/A,4.0
H2624 ,N/A,N/A,N/A,N/A,N/A
H2663 ,4.5,4.5,4.0,N/A,3.5
H2678 ,N/A,N/A,N/A,N/A,N/A
H2697 ,N/A,N/A,5.0,N/A,N/A
H2722 ,N/A,N/A,N/A,N/A,N/A
H2765 ,N/A,N/A,3.5,N/A,N/A
H2775 ,3.5,4.0,2.5,N/A,3.5
H2782 ,N/A,N/A,3.0,N/A,N/A
H2793 ,N/A,N/A,2.5,N/A,N/A
H2802 ,4.5,4.5,4.5,N/A,3.5
H2816 ,3.5,4.0,3.0,N/A,3.5
H2825 ,N/A,4.0,3.0,N/A,3.5
H2829 ,3.0,N/A,N/A,N/A,N/A
H2836 ,N/A,N/A,3.0,N/A,N/A
H2853 ,N/A,N/A,N/A,N/A,N/A
H2879 ,3.5,3.5,3.0,N/A,3.0
H2915 ,N/A,3.5,2.5,N/A,3.5
H2926 ,N/A,N/A,N/A,N/A,N/A
H2944 ,3.5,4.0,3.5,N/A,3.5
H2960 ,4.0,4.0,4.0,N/A,3.5
H2962 ,4.0,4.0,3.5,N/A,3.5
H2986 ,3.5,4.5,3.5,N/A,3.5
H3015 ,N/A,N/A,N/A,N/A,N/A
H3047 ,N/A,N/A,2.0,N/A,N/A
H3071 ,3.0,3.0,3.0,N/A,2.5
H3113 ,4.0,4.5,4.0,N/A,3.5
H3132 ,4.0,4.5,4.0,N/A,3.5
H3146 ,N/A,4.0,4.0,N/A,3.5
H3152 ,3.5,4.0,3.5,N/A,3.5
H3154 ,4.0,3.5,N/A,N/A,3.0
H3170 ,4.0,4.5,4.0,N/A,3.5
H3192 ,N/A,3.0,3.5,N/A,3.0
H3204 ,3.5,3.5,3.5,N/A,3.0
H3206 ,3.0,3.5,3.0,N/A,3.0
H3213 ,N/A,N/A,N/A,N/A,N/A
H3219 ,N/A,4.5,4.0,N/A,4.0
H3237 ,N/A,N/A,N/A,N/A,N/A
H3239 ,N/A,3.5,4.0,N/A,3.5
H3240 ,3.5,3.5,3.5,N/A,3.0
H3251 ,3.5,3.5,3.0,N/A,3.0
H3256 ,N/A,N/A,4.0,N/A,N/A
H3259 ,3.5,4.0,4.0,N/A,3.5
H3276 ,N/A,3.0,2.5,N/A,3.0
H3281 ,N/A,N/A,N/A,N/A,N/A
H3288 ,N/A,3.0,3.5,N/A,3.0
H3291 ,N/A,N/A,N/A,N/A,N/A
H3293 ,N/A,3.5,N/A,N/A,3.5
H3305 ,4.5,4.5,5.0,N/A,3.5
H3307 ,3.0,3.5,3.5,N/A,3.0
H3312 ,3.0,3.5,3.5,N/A,3.0
H3330 ,3.0,3.0,3.0,N/A,2.5
H3335 ,4.5,4.5,4.0,N/A,3.5
H3342 ,N/A,N/A,N/A,N/A,N/A
H3344 ,4.5,5.0,5.0,N/A,4.0
H3347 ,3.5,3.5,3.5,N/A,3.0
H3351 ,4.5,5.0,5.0,N/A,4.0
H3359 ,4.0,4.0,3.5,N/A,3.5
H3362 ,4.5,5.0,5.0,N/A,4.0
H3379 ,3.5,4.0,4.0,N/A,3.5
H3384 ,4.0,4.5,4.0,N/A,3.5
H3387 ,3.5,4.0,4.0,N/A,3.5
H3388 ,4.5,5.0,5.0,N/A,4.0
H3404 ,4.0,4.5,4.5,N/A,3.5
H3407 ,N/A,N/A,N/A,N/A,N/A
H3416 ,4.5,5.0,4.5,N/A,4.0
H3418 ,N/A,3.5,3.5,N/A,3.5
H3419 ,N/A,N/A,N/A,N/A,N/A
H3442 ,N/A,3.5,3.0,N/A,3.5
H3447 ,3.5,3.5,4.0,N/A,3.0
H3449 ,4.0,4.5,4.5,N/A,3.5
H3464 ,3.5,3.5,3.5,N/A,3.0
H3467 ,N/A,N/A,N/A,N/A,N/A
H3471 ,3.5,4.0,3.0,N/A,3.5
H3499 ,N/A,3.5,3.0,N/A,3.5
H3528 ,4.0,4.0,3.5,N/A,3.5
H3533 ,3.0,4.0,4.0,N/A,3.5
H3536 ,3.5,3.5,3.0,N/A,3.0
H3554 ,N/A,N/A,3.5,N/A,N/A
H3557 ,N/A,5.0,5.0,N/A,4.5
H3561 ,3.5,4.0,3.0,N/A,3.5
H3572 ,N/A,N/A,N/A,N/A,N/A
H3597 ,4.5,5.0,4.0,N/A,4.0
H3632 ,N/A,N/A,N/A,N/A,N/A
H3653 ,4.0,4.0,4.5,N/A,3.5
H3655 ,4.0,4.0,4.0,N/A,3.5
H3660 ,4.0,4.5,5.0,N/A,3.5
H3664 ,4.5,5.0,5.0,N/A,4.0
H3668 ,4.0,4.5,4.5,N/A,3.5
H3672 ,4.0,4.5,4.5,N/A,3.5
H3706 ,3.5,4.0,4.5,N/A,3.5
H3708 ,N/A,N/A,N/A,N/A,N/A
H3725 ,N/A,N/A,N/A,N/A,N/A
H3727 ,N/A,N/A,N/A,N/A,N/A
H3748 ,N/A,3.5,3.0,N/A,3.5
H3749 ,3.5,4.0,4.5,N/A,3.5
H3755 ,4.0,4.0,4.0,N/A,3.5
H3777 ,N/A,4.0,4.5,N/A,3.5
H3794 ,4.5,5.0,4.5,N/A,4.0
H3800 ,N/A,N/A,4.0,N/A,N/A
H3805 ,4.0,4.5,3.5,N/A,3.5
H3810 ,3.5,3.5,3.5,N/A,3.0
H3811 ,4.0,4.0,3.5,N/A,3.5
H3813 ,3.0,3.5,3.5,N/A,3.0
H3814 ,3.0,3.5,3.0,N/A,3.0
H3815 ,4.0,4.0,4.0,N/A,3.5
H3817 ,4.5,4.5,4.0,N/A,3.5
H3822 ,3.5,3.5,3.5,N/A,3.0
H3832 ,3.5,4.5,3.5,N/A,3.5
H3864 ,4.0,4.0,3.5,N/A,3.5
H3890 ,3.0,3.5,3.0,N/A,3.0
H3907 ,4.0,5.0,5.0,N/A,4.0
H3909 ,3.5,4.5,4.0,N/A,3.5
H3916 ,4.5,5.0,5.0,N/A,4.0
H3923 ,4.0,4.5,4.5,N/A,3.5
H3924 ,3.5,4.0,4.5,N/A,3.5
H3928 ,3.5,4.0,3.5,N/A,3.5
H3931 ,3.5,4.0,3.5,N/A,3.5
H3949 ,4.0,4.0,3.0,N/A,3.5
H3952 ,4.0,5.0,5.0,N/A,4.0
H3954 ,4.0,4.5,4.5,N/A,3.5
H3957 ,4.0,5.0,5.0,N/A,4.0
H3959 ,4.5,4.5,4.5,N/A,3.5
H3962 ,3.5,4.5,4.0,N/A,3.5
H3975 ,N/A,N/A,2.5,N/A,N/A
H3979 ,3.5,3.5,3.5,N/A,3.0
H4003 ,4.0,4.5,4.0,N/A,3.5
H4004 ,4.5,4.5,4.5,N/A,3.5
H4005 ,3.5,4.0,3.5,N/A,3.5
H4007 ,4.0,4.5,4.5,N/A,3.5
H4036 ,4.0,4.5,4.5,N/A,3.5
H4091 ,N/A,N/A,N/A,N/A,N/A
H4093 ,N/A,N/A,N/A,N/A,N/A
H4094 ,N/A,3.5,3.0,N/A,3.5
H4140 ,N/A,3.5,4.0,N/A,3.5
H4141 ,4.0,4.0,4.0,N/A,3.5
H4152 ,4.0,5.0,5.0,N/A,4.0
H4172 ,N/A,5.0,N/A,N/A,4.5
H4198 ,3.5,3.5,N/A,N/A,3.0
H4213 ,3.0,3.5,3.5,N/A,3.0
H4227 ,4.0,4.5,3.5,N/A,3.5
H4232 ,N/A,N/A,N/A,N/A,N/A
H4236 ,N/A,N/A,N/A,N/A,N/A
H4279 ,4.0,4.5,4.5,N/A,3.5
H4304 ,N/A,N/A,3.5,N/A,N/A
H4343 ,N/A,N/A,N/A,N/A,N/A
H4346 ,3.0,3.5,2.5,N/A,3.0
H4388 ,N/A,N/A,N/A,N/A,N/A
H4407 ,4.0,4.5,4.5,N/A,3.5
H4461 ,4.5,5.0,5.0,N/A,4.0
H4490 ,N/A,N/A,N/A,N/A,N/A
H4497 ,4.5,5.0,5.0,N/A,4.0
H4506 ,3.5,4.5,4.0,N/A,3.5
H4513 ,4.5,4.5,5.0,N/A,3.5
H4514 ,3.5,4.0,4.5,N/A,3.5
H4523 ,3.5,3.5,3.5,N/A,3.0
H4527 ,3.5,4.0,4.5,N/A,3.5
H4544 ,N/A,N/A,3.5,N/A,N/A
H4590 ,4.5,5.0,5.0,N/A,4.0
H4604 ,4.0,4.5,4.5,N/A,3.5
H4605 ,4.0,4.5,4.0,N/A,3.5
H4623 ,N/A,4.0,4.0,N/A,3.5
H4624 ,N/A,N/A,N/A,N/A,N/A
H4675 ,N/A,N/A,3.0,N/A,N/A
H4676 ,N/A,N/A,3.0,N/A,N/A
H4699 ,N/A,N/A,N/A,N/A,N/A
H4709 ,N/A,N/A,N/A,N/A,N/A
H4711 ,N/A,3.0,3.0,N/A,3.0
H4754 ,3.5,3.5,3.5,N/A,3.0
H4778 ,N/A,N/A,N/A,N/A,N/A
H4829 ,N/A,N/A,2.5,N/A,N/A
H4835 ,N/A,3.0,3.5,N/A,3.0
H4847 ,N/A,3.5,3.0,N/A,3.5
H4853 ,2.5,3.5,N/A,N/A,3.0
H4868 ,3.5,3.5,3.0,N/A,3.0
H4875 ,3.5,4.0,4.5,N/A,3.5
H4882 ,4.5,5.0,5.0,N/A,4.0
H4909 ,4.0,4.0,3.0,N/A,3.5
H4922 ,2.5,4.0,N/A,N/A,3.5
H4931 ,3.5,3.5,3.0,N/A,3.0
H4937 ,N/A,N/A,3.5,N/A,N/A
H4961 ,N/A,N/A,3.5,N/A,N/A
H4982 ,N/A,3.0,3.0,N/A,3.0
H5008 ,3.5,4.0,4.0,N/A,3.5
H5009 ,4.0,4.0,4.0,N/A,3.5
H5010 ,4.0,5.0,3.5,N/A,4.0
H5015 ,N/A,N/A,4.0,N/A,N/A
H5042 ,5.0,5.0,5.0,N/A,4.0
H5050 ,4.5,5.0,4.5,N/A,4.0
H5087 ,4.5,5.0,3.0,N/A,4.0
H5106 ,3.5,4.5,5.0,N/A,3.5
H5117 ,N/A,N/A,2.5,N/A,N/A
H5126 ,N/A,N/A,N/A,N/A,N/A
H5140 ,N/A,N/A,3.5,N/A,N/A
H5141 ,3.0,3.5,3.5,N/A,3.0
H5172 ,N/A,N/A,N/A,N/A,N/A
H5178 ,N/A,N/A,N/A,N/A,N/A
H5190 ,3.5,3.5,3.0,N/A,3.0
H5199 ,N/A,3.0,2.0,N/A,3.0
H5209 ,4.5,5.0,4.0,N/A,4.0
H5211 ,4.0,4.5,4.5,N/A,3.5
H5215 ,4.5,5.0,5.0,N/A,4.0
H5216 ,4.0,4.0,4.5,N/A,3.5
H5232 ,N/A,N/A,N/A,N/A,N/A
H5253 ,4.0,5.0,4.5,N/A,4.0
H5256 ,N/A,N/A,N/A,N/A,N/A
H5262 ,5.0,5.0,5.0,N/A,4.0
H5264 ,N/A,N/A,N/A,N/A,N/A
H5273 ,N/A,4.5,4.0,N/A,4.0
H5280 ,N/A,N/A,N/A,N/A,N/A
H5294 ,4.0,4.0,3.5,N/A,3.5
H5296 ,N/A,N/A,5.0,N/A,N/A
H5302 ,N/A,4.0,3.0,N/A,3.5
H5322 ,3.5,4.5,5.0,N/A,3.5
H5325 ,N/A,4.0,4.0,N/A,3.5
H5337 ,N/A,N/A,N/A,N/A,N/A
H5355 ,N/A,N/A,N/A,N/A,N/A
H5373 ,N/A,N/A,N/A,N/A,N/A
H5374 ,N/A,N/A,N/A,N/A,N/A
H5377 ,N/A,N/A,N/A,N/A,N/A
H5386 ,4.5,5.0,5.0,N/A,4.0
H5398 ,N/A,N/A,N/A,N/A,N/A
H5410 ,5.0,5.0,4.5,N/A,4.0
H5420 ,4.0,5.0,4.5,N/A,4.0
H5422 ,3.5,3.5,3.0,N/A,3.0
H5425 ,4.5,4.5,4.5,N/A,3.5
H5427 ,4.0,4.5,4.5,N/A,3.5
H5430 ,3.0,3.5,2.5,N/A,3.0
H5431 ,5.0,5.0,5.0,N/A,4.0
H5433 ,3.5,4.0,3.0,N/A,3.5
H5434 ,3.5,4.0,3.5,N/A,3.5
H5435 ,3.0,3.5,3.0,N/A,3.0
H5439 ,3.0,3.5,3.0,N/A,3.0
H5447 ,N/A,N/A,N/A,N/A,N/A
H5454 ,N/A,N/A,N/A,N/A,N/A
H5471 ,4.0,4.5,4.5,N/A,3.5
H5475 ,3.5,3.5,2.5,N/A,3.0
H5496 ,N/A,2.5,2.5,N/A,2.5
H5521 ,4.0,4.5,3.5,N/A,3.5
H5522 ,4.5,5.0,4.5,N/A,4.0
H5525 ,4.0,4.5,4.0,N/A,3.5
H5526 ,5.0,5.0,5.0,N/A,4.0
H5528 ,N/A,N/A,N/A,N/A,N/A
H5533 ,4.5,5.0,5.0,N/A,4.0
H5549 ,4.0,4.5,4.5,N/A,3.5
H5576 ,4.0,4.5,4.5,N/A,3.5
H5577 ,4.0,4.5,4.0,N/A,3.5
H5580 ,3.0,3.5,3.0,N/A,3.0
H5587 ,3.0,4.0,4.0,N/A,3.5
H5590 ,N/A,3.5,3.5,N/A,3.5
H5591 ,5.0,5.0,5.0,N/A,4.0
H5593 ,N/A,4.0,4.0,N/A,3.5
H5594 ,4.5,5.0,5.0,N/A,4.0
H5599 ,N/A,4.0,3.5,N/A,3.5
H5608 ,3.5,4.0,3.5,N/A,3.5
H5613 ,N/A,N/A,N/A,N/A,N/A
H5619 ,4.0,4.0,4.0,N/A,3.5
H5628 ,3.5,3.5,3.0,N/A,3.0
H5644 ,N/A,N/A,N/A,N/A,N/A
H5649 ,3.5,3.5,3.5,N/A,3.0
H5652 ,5.0,5.0,5.0,N/A,4.0
H5656 ,3.5,N/A,N/A,N/A,N/A
H5703 ,N/A,N/A,N/A,N/A,N/A
H5742 ,N/A,N/A,N/A,N/A,N/A
H5746 ,3.0,3.0,2.5,N/A,2.5
H5774 ,4.0,4.5,4.0,N/A,3.5
H5779 ,3.5,3.5,2.5,N/A,3.0
H5793 ,4.0,4.0,3.5,N/A,3.5
H5810 ,3.5,3.5,3.0,N/A,3.0
H5823 ,3.5,3.5,3.0,N/A,3.0
H5826 ,3.0,3.5,2.5,N/A,3.0
H5828 ,N/A,N/A,3.5,N/A,N/A
H5841 ,N/A,N/A,N/A,N/A,N/A
H5843 ,N/A,N/A,N/A,N/A,N/A
H5852 ,3.5,4.0,4.0,N/A,3.5
H5854 ,4.0,4.5,3.0,N/A,3.5
H5859 ,3.5,4.0,3.5,N/A,3.5
H5883 ,4.0,5.0,4.5,N/A,4.0
H5926 ,3.5,3.5,3.0,N/A,3.0
H5928 ,3.5,3.5,3.0,N/A,3.0
H5932 ,4.0,4.5,4.0,N/A,3.5
H5937 ,4.5,4.0,4.0,N/A,3.5
H5938 ,4.5,5.0,4.5,N/A,4.0
H5943 ,3.5,4.0,3.5,N/A,3.5
H5945 ,3.0,3.5,4.0,N/A,3.0
H5959 ,4.5,4.5,4.5,N/A,3.5
H5965 ,N/A,N/A,N/A,N/A,N/A
H5969 ,3.0,3.5,2.5,N/A,3.0
H5970 ,4.0,4.5,4.0,N/A,3.5
H5989 ,N/A,N/A,3.0,N/A,N/A
H5991 ,3.0,3.0,3.0,N/A,2.5
H5992 ,N/A,N/A,N/A,N/A,N/A
H5995 ,3.5,3.5,3.0,N/A,3.0
H6067 ,N/A,N/A,2.5,N/A,N/A
H6078 ,N/A,N/A,3.5,N/A,N/A
H6080 ,N/A,N/A,N/A,N/A,N/A
H6121 ,N/A,N/A,N/A,N/A,N/A
H6154 ,4.0,4.0,3.5,N/A,3.5
H6158 ,N/A,N/A,3.5,N/A,N/A
H6202 ,N/A,N/A,4.5,N/A,N/A
H6229 ,N/A,N/A,N/A,N/A,N/A
H6237 ,4.5,4.5,4.0,N/A,3.5
H6306 ,4.0,4.0,4.0,N/A,3.5
H6316 ,N/A,N/A,N/A,N/A,N/A
H6328 ,3.5,4.0,3.5,N/A,3.5
H6345 ,N/A,N/A,N/A,N/A,N/A
H6348 ,N/A,N/A,N/A,N/A,N/A
H6351 ,N/A,N/A,N/A,N/A,N/A
H6379 ,N/A,N/A,N/A,N/A,N/A
H6396 ,3.5,3.5,4.0,N/A,3.0
H6399 ,N/A,N/A,N/A,N/A,N/A
H6439 ,N/A,N/A,N/A,N/A,N/A
H6446 ,N/A,N/A,2.5,N/A,N/A
H6453 ,3.5,3.5,4.5,N/A,3.0
H6502 ,4.0,4.0,4.0,N/A,3.5
H6526 ,3.0,3.5,2.5,N/A,3.0
H6528 ,3.5,4.0,3.5,N/A,3.5
H6529 ,N/A,N/A,N/A,N/A,N/A
H6550 ,N/A,3.0,3.0,N/A,3.0
H6594 ,N/A,N/A,3.0,N/A,N/A
H6595 ,N/A,4.0,4.0,N/A,3.5
H6622 ,4.0,4.5,4.5,N/A,3.5
H6652 ,N/A,N/A,N/A,N/A,N/A
H6672 ,N/A,N/A,N/A,N/A,N/A
H6706 ,N/A,N/A,N/A,N/A,N/A
H6713 ,N/A,N/A,2.0,N/A,N/A
H6723 ,4.0,4.5,5.0,N/A,3.5
H6743 ,3.0,3.5,3.0,N/A,3.0
H6750 ,4.0,4.0,4.0,N/A,3.5
H6776 ,N/A,N/A,N/A,N/A,N/A
H6815 ,3.5,4.0,3.0,N/A,3.5
H6830 ,N/A,N/A,N/A,N/A,N/A
H6832 ,N/A,N/A,N/A,N/A,N/A
H6870 ,N/A,N/A,N/A,N/A,N/A
H6874 ,N/A,N/A,N/A,N/A,N/A
H6891 ,N/A,N/A,N/A,N/A,N/A
H6898 ,N/A,N/A,3.5,N/A,N/A
H6910 ,N/A,N/A,3.5,N/A,N/A
H6936 ,N/A,3.0,3.5,N/A,3.0
H6959 ,N/A,N/A,N/A,N/A,N/A
H6975 ,N/A,N/A,N/A,N/A,N/A
H6988 ,3.5,4.0,3.5,N/A,3.5
H7006 ,4.0,4.5,4.0,N/A,3.5
H7020 ,4.0,4.5,4.0,N/A,3.5
H7063 ,N/A,3.5,3.5,N/A,3.5
H7076 ,N/A,N/A,N/A,N/A,N/A
H7115 ,3.5,3.5,4.0,N/A,3.0
H7119 ,N/A,N/A,N/A,N/A,N/A
H7123 ,N/A,N/A,4.0,N/A,N/A
H7149 ,4.0,4.0,4.0,N/A,3.5
H7163 ,N/A,N/A,N/A,N/A,N/A
H7165 ,N/A,N/A,N/A,N/A,N/A
H7172 ,N/A,N/A,N/A,N/A,N/A
H7173 ,3.0,3.5,N/A,N/A,3.0
H7175 ,N/A,3.0,2.5,N/A,3.0
H7220 ,4.5,4.5,4.0,N/A,3.5
H7245 ,3.5,4.0,3.0,N/A,3.5
H7273 ,N/A,N/A,N/A,N/A,N/A
H7284 ,N/A,4.0,4.0,N/A,3.5
H7301 ,4.5,4.5,4.0,N/A,3.5
H7322 ,N/A,3.0,N/A,N/A,3.0
H7323 ,N/A,N/A,2.5,N/A,N/A
H7326 ,3.0,4.0,2.5,N/A,3.5
H7330 ,N/A,N/A,N/A,N/A,N/A
H7399 ,N/A,N/A,N/A,N/A,N/A
H7404 ,N/A,4.0,3.5,N/A,3.5
H7409 ,N/A,N/A,N/A,N/A,N/A
H7419 ,N/A,N/A,N/A,N/A,N/A
H7445 ,N/A,N/A,2.5,N/A,N/A
H7464 ,4.0,4.0,4.0,N/A,3.5
H7511 ,N/A,N/A,N/A,N/A,N/A
H7518 ,N/A,N/A,N/A,N/A,N/A
H7522 ,3.5,4.0,4.0,N/A,3.5
H7557 ,N/A,N/A,N/A,N/A,N/A
H7559 ,N/A,N/A,N/A,N/A,N/A
H7594 ,N/A,N/A,N/A,N/A,N/A
H7598 ,N/A,N/A,N/A,N/A,N/A
H7607 ,N/A,N/A,N/A,N/A,N/A
H7617 ,N/A,N/A,N/A,N/A,N/A
H7621 ,N/A,3.5,3.0,N/A,3.5
H7646 ,N/A,4.5,4.5,N/A,4.0
H7678 ,3.5,3.5,3.5,N/A,3.0
H7680 ,2.5,3.5,4.0,N/A,3.0
H7728 ,3.5,4.0,3.5,N/A,3.5
H7779 ,N/A,N/A,N/A,N/A,N/A
H7787 ,3.5,4.0,3.5,N/A,3.5
H7802 ,N/A,N/A,N/A,N/A,N/A
H7833 ,N/A,N/A,N/A,N/A,N/A
H7844 ,N/A,N/A,N/A,N/A,N/A
H7849 ,N/A,3.5,3.0,N/A,3.5
H7853 ,N/A,3.5,N/A,N/A,3.5
H7885 ,N/A,N/A,N/A,N/A,N/A
H7890 ,N/A,N/A,N/A,N/A,N/A
H7917 ,4.0,4.5,5.0,N/A,3.5
H7925 ,N/A,N/A,N/A,N/A,N/A
H7971 ,N/A,N/A,N/A,N/A,N/A
H7993 ,N/A,4.5,4.5,N/A,4.0
H8003 ,3.5,3.5,3.0,N/A,3.0
H8010 ,N/A,3.0,3.5,N/A,3.0
H8016 ,N/A,N/A,N/A,N/A,N/A
H8019 ,N/A,N/A,N/A,N/A,N/A
H8026 ,N/A,N/A,N/A,N/A,N/A
H8046 ,N/A,N/A,N/A,N/A,N/A
H8064 ,4.0,N/A,N/A,N/A,N/A
H8067 ,N/A,N/A,N/A,N/A,N/A
H8087 ,N/A,4.0,3.5,N/A,3.5
H8093 ,N/A,N/A,4.5,N/A,N/A
H8125 ,N/A,4.0,N/A,N/A,3.5
H8130 ,3.5,3.5,2.5,N/A,3.0
H8133 ,3.0,3.5,3.5,N/A,3.0
H8142 ,4.5,4.5,5.0,N/A,3.5
H8145 ,3.5,4.0,4.0,N/A,3.5
H8173 ,N/A,N/A,4.0,N/A,N/A
H8176 ,N/A,3.0,3.5,N/A,3.0
H8181 ,N/A,4.0,4.0,N/A,3.5
H8189 ,4.5,4.5,3.5,N/A,3.5
H8197 ,N/A,N/A,N/A,N/A,N/A
H8211 ,3.5,4.0,4.0,N/A,3.5
H8213 ,N/A,N/A,N/A,N/A,N/A
H8225 ,N/A,3.5,3.0,N/A,3.5
H8258 ,N/A,N/A,N/A,N/A,N/A
H8280 ,N/A,N/A,N/A,N/A,N/A
H8293 ,N/A,N/A,N/A,N/A,N/A
H8298 ,3.5,4.0,4.0,N/A,3.5
H8332 ,N/A,N/A,3.5,N/A,N/A
H8343 ,N/A,N/A,N/A,N/A,N/A
H8364 ,N/A,N/A,N/A,N/A,N/A
H8379 ,N/A,3.5,4.0,N/A,3.5
H8390 ,N/A,N/A,N/A,N/A,N/A
H8423 ,N/A,N/A,N/A,N/A,N/A
H8432 ,3.0,3.0,3.5,N/A,2.5
H8452 ,N/A,N/A,N/A,N/A,N/A
H8457 ,N/A,N/A,N/A,N/A,N/A
H8492 ,N/A,N/A,N/A,N/A,N/A
H8547 ,N/A,N/A,N/A,N/A,N/A
H8552 ,3.5,3.5,3.0,N/A,3.0
H8553 ,N/A,N/A,N/A,N/A,N/A
H8554 ,3.0,N/A,N/A,N/A,N/A
H8578 ,4.0,4.0,4.0,N/A,3.5
H8597 ,N/A,3.5,4.0,N/A,3.5
H8604 ,3.5,4.0,4.5,N/A,3.5
H8634 ,3.5,4.0,3.5,N/A,3.5
H8649 ,3.0,3.5,3.0,N/A,3.0
H8677 ,N/A,N/A,N/A,N/A,N/A
H8711 ,N/A,N/A,2.5,N/A,N/A
H8748 ,3.5,4.0,3.5,N/A,3.5
H8764 ,3.0,4.0,3.5,N/A,3.5
H8768 ,4.0,4.0,4.0,N/A,3.5
H8783 ,N/A,4.0,4.0,N/A,3.5
H8786 ,N/A,N/A,N/A,N/A,N/A
H8797 ,N/A,N/A,N/A,N/A,N/A
H8845 ,N/A,N/A,N/A,N/A,N/A
H8849 ,N/A,N/A,3.0,N/A,N/A
H8854 ,3.5,3.5,3.0,N/A,3.0
H8889 ,4.5,4.5,4.5,N/A,3.5
H8908 ,3.0,3.5,3.5,N/A,3.0
H8961 ,N/A,N/A,N/A,N/A,N/A
H8967 ,N/A,N/A,N/A,N/A,N/A
H9001 ,4.5,4.5,4.5,N/A,3.5
H9003 ,5.0,5.0,4.0,N/A,4.0
H9042 ,N/A,N/A,N/A,N/A,N/A
H9047 ,4.5,5.0,4.0,N/A,4.0
H9065 ,N/A,4.0,3.5,N/A,3.5
H9066 ,N/A,N/A,N/A,N/A,N/A
H9070 ,N/A,3.5,3.0,N/A,3.5
H9082 ,3.0,3.5,2.5,N/A,3.0
H9095 ,N/A,N/A,N/A,N/A,N/A
H9096 ,4.5,5.0,5.0,N/A,4.0
H9104 ,N/A,N/A,N/A,N/A,N/A
H9147 ,N/A,N/A,N/A,N/A,N/A
H9153 ,N/A,N/A,N/A,N/A,N/A
H9191 ,N/A,N/A,4.0,N/A,N/A
H9207 ,3.5,4.0,4.0,N/A,3.5
H9219 ,N/A,N/A,N/A,N/A,N/A
H9258 ,N/A,N/A,N/A,N/A,N/A
H9276 ,3.0,N/A,N/A,N/A,N/A
H9302 ,3.5,3.5,3.0,N/A,3.0
H9335 ,N/A,N/A,N/A,N/A,N/A
H9364 ,N/A,4.0,3.5,N/A,3.5
H9387 ,N/A,N/A,N/A,N/A,N/A
H9403 ,N/A,N/A,N/A,N/A,N/A
H9408 ,3.5,4.0,N/A,N/A,3.5
H9412 ,N/A,N/A,N/A,N/A,N/A
H9428 ,N/A,N/A,N/A,N/A,N/A
H9431 ,N/A,3.5,3.0,N/A,3.5
H9455 ,N/A,N/A,N/A,N/A,N/A
H9460 ,3.0,3.5,3.0,N/A,3.0
H9487 ,N/A,N/A,N/A,N/A,N/A
H9489 ,N/A,N/A,N/A,N/A,N/A
H9516 ,N/A,N/A,N/A,N/A,N/A
H9525 ,3.5,4.0,3.5,N/A,3.5
H9572 ,3.5,4.5,4.5,N/A,3.5
H9576 ,N/A,N/A,N/A,N/A,N/A
H9585 ,N/A,3.5,4.0,N/A,3.5
H9589 ,N/A,N/A,N/A,N/A,N/A
H9590 ,N/A,N/A,N/A,N/A,N/A
H9615 ,4.0,4.5,4.0,N/A,3.5
H9630 ,3.5,3.5,3.5,N/A,3.0
H9662 ,N/A,N/A,N/A,N/A,N/A
H9686 ,N/A,N/A,3.5,N/A,N/A
H9699 ,3.0,3.5,3.0,N/A,3.0
H9706 ,N/A,N/A,3.0,N/A,N/A
H9712 ,N/A,N/A,N/A,N/A,N/A
H9725 ,4.5,4.5,4.0,N/A,3.5
H9730 ,3.5,4.0,3.5,N/A,3.5
H9808 ,3.5,5.0,5.0,N/A,4.0
H9811 ,N/A,3.0,3.0,N/A,3.0
H9826 ,N/A,N/A,N/A,N/A,N/A
H9834 ,5.0,5.0,5.0,N/A,4.0
H9861 ,N/A,N/A,N/A,N/A,N/A
H9869 ,N/A,N/A,N/A,N/A,N/A
H9870 ,3.0,N/A,N/A,N/A,N/A
H9877 ,2.5,3.5,3.5,N/A,3.0
H9878 ,N/A,N/A,N/A,N/A,N/A
H9909 ,N/A,N/A,N/A,N/A,N/A
H9917 ,N/A,N/A,N/A,N/A,N/A
H9942 ,N/A,N/A,N/A,N/A,N/A
H9952 ,N/A,3.5,3.0,N/A,3.5
H9955 ,N/A,N/A,3.0,N/A,N/A
R0110 ,3.0,4.0,4.0,N/A,3.5
R0759 ,3.5,4.0,3.5,N/A,3.5
R0802 ,N/A,4.0,N/A,N/A,3.5
R0865 ,3.5,4.0,4.5,N/A,3.5
R0923 ,3.5,4.0,4.0,N/A,3.5
R1390 ,3.5,4.0,3.5,N/A,3.5
R1532 ,3.0,3.5,4.0,N/A,3.0
R1548 ,4.0,4.0,N/A,N/A,3.5
R2604 ,3.5,4.0,4.0,N/A,3.5
R3175 ,3.5,3.5,3.5,N/A,3.0
R3332 ,3.5,4.0,3.0,N/A,3.5
R3392 ,3.5,4.0,4.0,N/A,3.5
R3444 ,3.5,4.0,3.5,N/A,3.5
R3887 ,3.5,4.0,4.0,N/A,3.5
R4182 ,3.5,4.0,4.0,N/A,3.5
R4487 ,3.5,4.0,4.0,N/A,3.5
R4845 ,3.0,3.5,3.0,N/A,3.0
R5329 ,4.0,4.5,4.0,N/A,3.5
R5342 ,4.0,4.5,4.0,N/A,3.5
R5361 ,3.5,4.0,4.0,N/A,3.5
R5495 ,3.0,4.5,4.0,N/A,4.0
R5826 ,3.5,3.5,3.0,N/A,3.0
R5941 ,3.5,4.0,4.0,N/A,3.5
R6694 ,3.5,4.0,4.0,N/A,3.5
R6801 ,3.5,3.5,4.0,N/A,3.0
R7220 ,3.0,3.5,3.0,N/A,3.0
R7315 ,3.5,3.5,3.5,N/A,3.0
R7444 ,3.5,4.0,3.5,N/A,3.5
S0586 ,N/A,N/A,N/A,N/A,N/A
S0655 ,N/A,N/A,N/A,N/A,N/A
S1030 ,N/A,N/A,N/A,N/A,N/A
S1140 ,N/A,N/A,N/A,N/A,N/A
S1822 ,N/A,N/A,N/A,N/A,N/A
S1894 ,N/A,N/A,N/A,N/A,N/A
S2465 ,N/A,N/A,N/A,N/A,N/A
S2468 ,N/A,N/A,N/A,N/A,N/A
S2668 ,N/A,N/A,N/A,N/A,N/A
S2874 ,N/A,N/A,N/A,N/A,N/A
S2893 ,N/A,N/A,N/A,N/A,N/A
S3285 ,N/A,N/A,N/A,N/A,N/A
S3375 ,N/A,N/A,N/A,N/A,N/A
S3389 ,N/A,N/A,N/A,N/A,N/A
S3521 ,N/A,N/A,N/A,N/A,N/A
S3535 ,N/A,N/A,N/A,N/A,N/A
S3875 ,N/A,N/A,N/A,N/A,N/A
S3994 ,N/A,N/A,N/A,N/A,N/A
S4219 ,N/A,N/A,N/A,N/A,N/A
S4501 ,N/A,N/A,N/A,N/A,N/A
S4802 ,N/A,N/A,N/A,N/A,N/A
S5450 ,N/A,N/A,N/A,N/A,N/A
S5540 ,N/A,N/A,N/A,N/A,N/A
S5552 ,N/A,N/A,N/A,N/A,N/A
S5584 ,N/A,N/A,N/A,N/A,N/A
S5588 ,N/A,N/A,N/A,N/A,N/A
S5593 ,N/A,N/A,N/A,N/A,N/A
S5596 ,N/A,N/A,N/A,N/A,N/A
S5601 ,N/A,N/A,N/A,N/A,N/A
S5609 ,N/A,N/A,N/A,N/A,N/A
S5617 ,N/A,N/A,N/A,N/A,N/A
S5660 ,N/A,N/A,N/A,N/A,N/A
S5715 ,N/A,N/A,N/A,N/A,N/A
S5726 ,N/A,N/A,N/A,N/A,N/A
S5743 ,N/A,N/A,N/A,N/A,N/A
S5753 ,N/A,N/A,N/A,N/A,N/A
S5768 ,N/A,N/A,N/A,N/A,N/A
S5795 ,N/A,N/A,N/A,N/A,N/A
S5805 ,N/A,N/A,N/A,N/A,N/A
S5810 ,N/A,N/A,N/A,N/A,N/A
S5820 ,N/A,N/A,N/A,N/A,N/A
S5857 ,N/A,N/A,N/A,N/A,N/A
S5877 ,N/A,N/A,N/A,N/A,N/A
S5884 ,N/A,N/A,N/A,N/A,N/A
S5904 ,N/A,N/A,N/A,N/A,N/A
S5916 ,N/A,N/A,N/A,N/A,N/A
S5921 ,N/A,N/A,N/A,N/A,N/A
S5953 ,N/A,N/A,N/A,N/A,N/A
S5960 ,N/A,N/A,N/A,N/A,N/A
S5966 ,N/A,N/A,N/A,N/A,N/A
S5975 ,N/A,N/A,N/A,N/A,N/A
S5983 ,N/A,N/A,N/A,N/A,N/A
S5993 ,N/A,N/A,N/A,N/A,N/A
S6506 ,N/A,N/A,N/A,N/A,N/A
S6875 ,N/A,N/A,N/A,N/A,N/A
S6946 ,N/A,N/A,N/A,N/A,N/A
S7126 ,N/A,N/A,N/A,N/A,N/A
S7694 ,N/A,N/A,N/A,N/A,N/A
S8067 ,N/A,N/A,N/A,N/A,N/A
S8182 ,N/A,N/A,N/A,N/A,N/A
S8677 ,N/A,N/A,N/A,N/A,N/A
S8841 ,N/A,N/A,N/A,N/A,N/A
S9325 ,N/A,N/A,N/A,N/A,N/A
S9701 ,N/A,N/A,N/A,N/A,N/A
H0645 ,N/A,N/A,N/A,N/A,N/A
H0826 ,N/A,N/A,N/A,N/A,N/A
H0876 ,N/A,N/A,N/A,N/A,N/A
H0978 ,N/A,N/A,N/A,N/A,N/A
H1215 ,N/A,N/A,N/A,N/A,N/A
H1280 ,N/A,N/A,N/A,N/A,N/A
H1395 ,N/A,N/A,N/A,N/A,N/A
H1799 ,N/A,N/A,N/A,N/A,N/A
H1822 ,N/A,N/A,N/A,N/A,N/A
H2117 ,N/A,N/A,N/A,N/A,N/A
H2128 ,N/A,N/A,N/A,N/A,N/A
H2694 ,N/A,N/A,N/A,N/A,N/A
H2737 ,N/A,N/A,N/A,N/A,N/A
H2752 ,N/A,N/A,N/A,N/A,N/A
H3186 ,N/A,N/A,N/A,N/A,N/A
H3274 ,N/A,N/A,N/A,N/A,N/A
H3443 ,N/A,N/A,N/A,N/A,N/A
H4054 ,N/A,N/A,N/A,N/A,N/A
H4073 ,N/A,N/A,N/A,N/A,N/A
H4286 ,N/A,N/A,N/A,N/A,N/A
H4537 ,N/A,N/A,N/A,N/A,N/A
H4739 ,N/A,N/A,N/A,N/A,N/A
H4801 ,N/A,N/A,N/A,N/A,N/A
H5900 ,N/A,N/A,N/A,N/A,N/A
H6062 ,N/A,N/A,N/A,N/A,N/A
H6193 ,N/A,N/A,N/A,N/A,N/A
H6322 ,N/A,N/A,N/A,N/A,N/A
H6605 ,N/A,N/A,N/A,N/A,N/A
H6678 ,N/A,N/A,N/A,N/A,N/A
H6851 ,N/A,N/A,N/A,N/A,N/A
H7074 ,N/A,N/A,N/A,N/A,N/A
H7093 ,N/A,N/A,N/A,N/A,N/A
H7151 ,N/A,N/A,N/A,N/A,N/A
H7169 ,N/A,N/A,N/A,N/A,N/A
H7360 ,N/A,N/A,N/A,N/A,N/A
H7379 ,N/A,N/A,N/A,N/A,N/A
H7389 ,N/A,N/A,N/A,N/A,N/A
H7512 ,N/A,N/A,N/A,N/A,N/A
H7556 ,N/A,N/A,N/A,N/A,N/A
H7670 ,N/A,N/A,N/A,N/A,N/A
H7746 ,N/A,N/A,N/A,N/A,N/A
H8095 ,N/A,N/A,N/A,N/A,N/A
H8121 ,N/A,N/A,N/A,N/A,N/A
H8166 ,N/A,N/A,N/A,N/A,N/A
H8330 ,N/A,N/A,N/A,N/A,N/A
H8385 ,N/A,N/A,N/A,N/A,N/A
H8458 ,N/A,N/A,N/A,N/A,N/A
H8928 ,N/A,N/A,N/A,N/A,N/A
H9078 ,N/A,N/A,N/A,N/A,N/A
H9239 ,N/A,N/A,N/A,N/A,N/A
H9295 ,N/A,N/A,N/A,N/A,N/A
H9306 ,N/A,N/A,N/A,N/A,N/A
H9357 ,N/A,N/A,N/A,N/A,N/A
H9414 ,N/A,N/A,N/A,N/A,N/A
H9614 ,N/A,N/A,N/A,N/A,N/A
H9761 ,N/A,N/A,N/A,N/A,N/A
H9763 ,N/A,N/A,N/A,N/A,N/A
H9827 ,N/A,N/A,N/A,N/A,N/A
H9828 ,N/A,N/A,N/A,N/A,N/A
H9876 ,N/A,N/A,N/A,N/A,N/A
H9884 ,N/A,N/A,N/A,N/A,N/A
H9900 ,N/A,N/A,N/A,N/A,N/A
H9904 ,N/A,N/A,N/A,N/A,N/A
H9976 ,N/A,N/A,N/A,N/A,N/A
H9986 ,N/A,N/A,N/A,N/A,N/A
S3147 ,N/A,N/A,N/A,N/A,N/A
H0738 ,N/A,N/A,N/A,N/A,N/A
H0764 ,N/A,N/A,N/A,N/A,N/A
H1224 ,N/A,N/A,N/A,N/A,N/A
H1347 ,N/A,N/A,N/A,N/A,N/A
H2246 ,N/A,N/A,N/A,N/A,N/A
H2272 ,N/A,N/A,N/A,N/A,N/A
H2293 ,N/A,N/A,N/A,N/A,N/A
H2478 ,N/A,N/A,N/A,N/A,N/A
H2509 ,N/A,N/A,N/A,N/A,N/A
H2526 ,N/A,N/A,N/A,N/A,N/A
H2686 ,N/A,N/A,N/A,N/A,N/A
H2715 ,N/A,N/A,N/A,N/A,N/A
H2923 ,N/A,N/A,N/A,N/A,N/A
H2942 ,N/A,N/A,N/A,N/A,N/A
H3041 ,N/A,N/A,N/A,N/A,N/A
H3080 ,N/A,N/A,N/A,N/A,N/A
H3189 ,N/A,N/A,N/A,N/A,N/A
H3828 ,N/A,N/A,N/A,N/A,N/A
H4045 ,N/A,N/A,N/A,N/A,N/A
H4161 ,N/A,N/A,N/A,N/A,N/A
H4277 ,N/A,N/A,N/A,N/A,N/A
H4620 ,N/A,N/A,N/A,N/A,N/A
H4733 ,N/A,N/A,N/A,N/A,N/A
H4808 ,N/A,N/A,N/A,N/A,N/A
H4863 ,N/A,N/A,N/A,N/A,N/A
H4869 ,N/A,N/A,N/A,N/A,N/A
H4943 ,N/A,N/A,N/A,N/A,N/A
H5299 ,N/A,N/A,N/A,N/A,N/A
H5372 ,N/A,N/A,N/A,N/A,N/A
H5472 ,N/A,N/A,N/A,N/A,N/A
H6018 ,N/A,N/A,N/A,N/A,N/A
H6019 ,N/A,N/A,N/A,N/A,N/A
H6200 ,N/A,N/A,N/A,N/A,N/A
H6207 ,N/A,N/A,N/A,N/A,N/A
H6378 ,N/A,N/A,N/A,N/A,N/A
H6408 ,N/A,N/A,N/A,N/A,N/A
H6545 ,N/A,N/A,N/A,N/A,N/A
H6586 ,N/A,N/A,N/A,N/A,N/A
H6765 ,N/A,N/A,N/A,N/A,N/A
H6813 ,N/A,N/A,N/A,N/A,N/A
H6847 ,N/A,N/A,N/A,N/A,N/A
H6852 ,N/A,N/A,N/A,N/A,N/A
H7028 ,N/A,N/A,N/A,N/A,N/A
H7147 ,N/A,N/A,N/A,N/A,N/A
H7199 ,N/A,N/A,N/A,N/A,N/A
H7524 ,N/A,N/A,N/A,N/A,N/A
H7605 ,N/A,N/A,N/A,N/A,N/A
H7778 ,N/A,N/A,N/A,N/A,N/A
H7813 ,N/A,N/A,N/A,N/A,N/A
H8014 ,N/A,N/A,N/A,N/A,N/A
H8070 ,N/A,N/A,N/A,N/A,N/A
H8229 ,N/A,N/A,N/A,N/A,N/A
H8244 ,N/A,N/A,N/A,N/A,N/A
H8384 ,N/A,N/A,N/A,N/A,N/A
H8894 ,N/A,N/A,N/A,N/A,N/A
H8902 ,N/A,N/A,N/A,N/A,N/A
H8998 ,N/A,N/A,N/A,N/A,N/A
H9231 ,N/A,N/A,N/A,N/A,N/A
H9469 ,N/A,N/A,N/A,N/A,N/A
H9485 ,N/A,N/A,N/A,N/A,N/A
H9678 ,N/A,N/A,N/A,N/A,N/A
H9888 ,N/A,N/A,N/A,N/A,N/A
H9907 ,N/A,N/A,N/A,N/A,N/A
H9940 ,N/A,N/A,N/A,N/A,N/A
H9943 ,N/A,N/A,N/A,N/A,N/A
S0156 ,N/A,N/A,N/A,N/A,N/A
S9409 ,N/A,N/A,N/A,N/A,N/A
S9854 ,N/A,N/A,N/A,N/A,N/A
E3014,N/A,N/A,N/A,N/A,N/A
H0022,N/A,N/A,N/A,N/A,N/A
H0028,N/A,N/A,N/A,4.0,N/A
H0034,N/A,N/A,N/A,N/A,N/A
H0074,N/A,N/A,N/A,2.5,N/A
H0088,N/A,N/A,N/A,2.0,N/A
H0104,N/A,N/A,N/A,4.0,N/A
H0107,N/A,N/A,N/A,3.5,N/A
H0111,N/A,N/A,N/A,2.5,N/A
H0137,N/A,N/A,N/A,N/A,N/A
H0154,N/A,N/A,N/A,5.0,N/A
H0169,N/A,N/A,N/A,5.0,N/A
H0174,N/A,N/A,N/A,3.0,N/A
H0192,N/A,N/A,N/A,N/A,N/A
H0251,N/A,N/A,N/A,4.0,N/A
H0270,N/A,N/A,N/A,3.0,N/A
H0271,N/A,N/A,N/A,4.0,N/A
H0292,N/A,N/A,N/A,5.0,N/A
H0294,N/A,N/A,N/A,3.5,N/A
H0302,N/A,N/A,N/A,4.0,N/A
H0321,N/A,N/A,N/A,3.5,N/A
H0332,N/A,N/A,N/A,5.0,N/A
H0336,N/A,N/A,N/A,N/A,N/A
H0342,N/A,N/A,N/A,N/A,N/A
H0351,N/A,N/A,N/A,3.0,N/A
H0354,N/A,N/A,N/A,4.0,N/A
H0363,N/A,N/A,N/A,N/A,N/A
H0422,N/A,N/A,N/A,3.5,N/A
H0423,N/A,N/A,N/A,3.5,N/A
H0432,N/A,N/A,N/A,4.0,N/A
H0439,N/A,N/A,N/A,3.5,N/A
H0473,N/A,N/A,N/A,3.5,N/A
H0480,N/A,N/A,N/A,N/A,N/A
H0482,N/A,N/A,N/A,3.0,N/A
H0504,N/A,N/A,N/A,3.5,N/A
H0523,N/A,N/A,N/A,2.5,N/A
H0524,N/A,N/A,N/A,4.0,N/A
H0543,N/A,N/A,N/A,3.5,N/A
H0544,N/A,N/A,N/A,3.0,N/A
H0562,N/A,N/A,N/A,3.0,N/A
H0571,N/A,N/A,N/A,3.0,N/A
H0609,N/A,N/A,N/A,4.5,N/A
H0624,N/A,N/A,N/A,4.0,N/A
H0628,N/A,N/A,N/A,4.0,N/A
H0630,N/A,N/A,N/A,4.5,N/A
H0672,N/A,N/A,N/A,3.0,N/A
H0710,N/A,N/A,N/A,5.0,N/A
H0712,N/A,N/A,N/A,3.0,N/A
H0724,N/A,N/A,N/A,2.5,N/A
H0738,N/A,N/A,N/A,N/A,N/A
H0755,N/A,N/A,N/A,3.5,N/A
H0764,N/A,N/A,N/A,N/A,N/A
H0783,N/A,N/A,N/A,N/A,N/A
H0838,N/A,N/A,N/A,2.5,N/A
H0876,N/A,N/A,N/A,N/A,N/A
H0885,N/A,N/A,N/A,3.5,N/A
H0907,N/A,N/A,N/A,3.5,N/A
H0908,N/A,N/A,N/A,2.5,N/A
H0913,N/A,N/A,N/A,3.5,N/A
H0927,N/A,N/A,N/A,N/A,N/A
H0969,N/A,N/A,N/A,3.0,N/A
H0978,N/A,N/A,N/A,3.0,N/A
H0982,N/A,N/A,N/A,3.5,N/A
H1016,N/A,N/A,N/A,3.5,N/A
H1019,N/A,N/A,N/A,4.0,N/A
H1032,N/A,N/A,N/A,3.5,N/A
H1035,N/A,N/A,N/A,4.0,N/A
H1036,N/A,N/A,N/A,5.0,N/A
H1045,N/A,N/A,N/A,4.5,N/A
H1099,N/A,N/A,N/A,4.0,N/A
H1109,N/A,N/A,N/A,4.0,N/A
H1112,N/A,N/A,N/A,3.0,N/A
H1119,N/A,N/A,N/A,N/A,N/A
H1170,N/A,N/A,N/A,3.5,N/A
H1181,N/A,N/A,N/A,N/A,N/A
H1189,N/A,N/A,N/A,3.0,N/A
H1215,N/A,N/A,N/A,3.0,N/A
H1224,N/A,N/A,N/A,N/A,N/A
H1225,N/A,N/A,N/A,3.0,N/A
H1230,N/A,N/A,N/A,4.0,N/A
H1248,N/A,N/A,N/A,4.0,N/A
H1277,N/A,N/A,N/A,N/A,N/A
H1278,N/A,N/A,N/A,3.5,N/A
H1290,N/A,N/A,N/A,5.0,N/A
H1302,N/A,N/A,N/A,N/A,N/A
H1304,N/A,N/A,N/A,3.5,N/A
H1347,N/A,N/A,N/A,N/A,N/A
H1350,N/A,N/A,N/A,4.5,N/A
H1352,N/A,N/A,N/A,4.0,N/A
H1353,N/A,N/A,N/A,2.5,N/A
H1360,N/A,N/A,N/A,3.5,N/A
H1365,N/A,N/A,N/A,4.5,N/A
H1372,N/A,N/A,N/A,N/A,N/A
H1395,N/A,N/A,N/A,2.5,N/A
H1416,N/A,N/A,N/A,3.0,N/A
H1423,N/A,N/A,N/A,3.0,N/A
H1426,N/A,N/A,N/A,N/A,N/A
H1463,N/A,N/A,N/A,4.0,N/A
H1468,N/A,N/A,N/A,4.5,N/A
H1537,N/A,N/A,N/A,5.0,N/A
H1587,N/A,N/A,N/A,N/A,N/A
H1607,N/A,N/A,N/A,3.5,N/A
H1608,N/A,N/A,N/A,4.0,N/A
H1609,N/A,N/A,N/A,3.5,N/A
H1610,N/A,N/A,N/A,4.0,N/A
H1644,N/A,N/A,N/A,3.0,N/A
H1651,N/A,N/A,N/A,N/A,N/A
H1659,N/A,N/A,N/A,4.0,N/A
H1664,N/A,N/A,N/A,3.0,N/A
H1666,N/A,N/A,N/A,3.0,N/A
H1692,N/A,N/A,N/A,4.0,N/A
H1722,N/A,N/A,N/A,N/A,N/A
H1723,N/A,N/A,N/A,N/A,N/A
H1732,N/A,N/A,N/A,2.5,N/A
H1737,N/A,N/A,N/A,4.0,N/A
H1748,N/A,N/A,N/A,N/A,N/A
H1774,N/A,N/A,N/A,N/A,N/A
H1787,N/A,N/A,N/A,N/A,N/A
H1799,N/A,N/A,N/A,3.0,N/A
H1822,N/A,N/A,N/A,2.5,N/A
H1846,N/A,N/A,N/A,4.0,N/A
H1848,N/A,N/A,N/A,2.5,N/A
H1862,N/A,N/A,N/A,N/A,N/A
H1889,N/A,N/A,N/A,4.5,N/A
H1894,N/A,N/A,N/A,3.0,N/A
H1914,N/A,N/A,N/A,3.0,N/A
H1944,N/A,N/A,N/A,3.5,N/A
H1947,N/A,N/A,N/A,3.5,N/A
H1951,N/A,N/A,N/A,4.5,N/A
H1961,N/A,N/A,N/A,5.0,N/A
H1969,N/A,N/A,N/A,3.5,N/A
H1977,N/A,N/A,N/A,N/A,N/A
H1993,N/A,N/A,N/A,3.0,N/A
H1994,N/A,N/A,N/A,5.0,N/A
H1997,N/A,N/A,N/A,3.0,N/A
H2001,N/A,N/A,N/A,4.5,N/A
H2029,N/A,N/A,N/A,N/A,N/A
H2032,N/A,N/A,N/A,3.5,N/A
H2034,N/A,N/A,N/A,N/A,N/A
H2056,N/A,N/A,N/A,3.0,N/A
H2108,N/A,N/A,N/A,3.0,N/A
H2117,N/A,N/A,N/A,2.5,N/A
H2128,N/A,N/A,N/A,2.5,N/A
H2134,N/A,N/A,N/A,3.0,N/A
H2162,N/A,N/A,N/A,N/A,N/A
H2168,N/A,N/A,N/A,3.5,N/A
H2171,N/A,N/A,N/A,3.0,N/A
H2172,N/A,N/A,N/A,3.5,N/A
H2174,N/A,N/A,N/A,3.0,N/A
H2185,N/A,N/A,N/A,N/A,N/A
H2224,N/A,N/A,N/A,3.5,N/A
H2225,N/A,N/A,N/A,4.0,N/A
H2226,N/A,N/A,N/A,4.5,N/A
H2230,N/A,N/A,N/A,3.5,N/A
H2235,N/A,N/A,N/A,4.5,N/A
H2237,N/A,N/A,N/A,3.5,N/A
H2246,N/A,N/A,N/A,N/A,N/A
H2247,N/A,N/A,N/A,4.0,N/A
H2256,N/A,N/A,N/A,4.5,N/A
H2261,N/A,N/A,N/A,3.5,N/A
H2272,N/A,N/A,N/A,N/A,N/A
H2292,N/A,N/A,N/A,5.0,N/A
H2293,N/A,N/A,N/A,N/A,N/A
H2320,N/A,N/A,N/A,4.5,N/A
H2322,N/A,N/A,N/A,4.5,N/A
H2354,N/A,N/A,N/A,4.0,N/A
H2392,N/A,N/A,N/A,N/A,N/A
H2400,N/A,N/A,N/A,3.0,N/A
H2406,N/A,N/A,N/A,4.0,N/A
H2416,N/A,N/A,N/A,4.5,N/A
H2417,N/A,N/A,N/A,N/A,N/A
H2419,N/A,N/A,N/A,4.5,N/A
H2422,N/A,N/A,N/A,3.5,N/A
H2425,N/A,N/A,N/A,4.0,N/A
H2450,N/A,N/A,N/A,4.0,N/A
H2456,N/A,N/A,N/A,4.0,N/A
H2458,N/A,N/A,N/A,3.5,N/A
H2459,N/A,N/A,N/A,4.5,N/A
H2461,N/A,N/A,N/A,4.5,N/A
H2462,N/A,N/A,N/A,N/A,N/A
H2463,N/A,N/A,N/A,4.0,N/A
H2478,N/A,N/A,N/A,N/A,N/A
H2486,N/A,N/A,N/A,3.5,N/A
H2491,N/A,N/A,N/A,3.0,N/A
H2506,N/A,N/A,N/A,N/A,N/A
H2509,N/A,N/A,N/A,N/A,N/A
H2526,N/A,N/A,N/A,N/A,N/A
H2531,N/A,N/A,N/A,N/A,N/A
H2533,N/A,N/A,N/A,N/A,N/A
H2563,N/A,N/A,N/A,3.0,N/A
H2577,N/A,N/A,N/A,3.5,N/A
H2582,N/A,N/A,N/A,3.5,N/A
H2591,N/A,N/A,N/A,N/A,N/A
H2593,N/A,N/A,N/A,2.5,N/A
H2610,N/A,N/A,N/A,5.0,N/A
H2624,N/A,N/A,N/A,4.5,N/A
H2663,N/A,N/A,N/A,4.5,N/A
H2686,N/A,N/A,N/A,N/A,N/A
H2694,N/A,N/A,N/A,N/A,N/A
H2697,N/A,N/A,N/A,5.0,N/A
H2715,N/A,N/A,N/A,N/A,N/A
H2722,N/A,N/A,N/A,N/A,N/A
H2737,N/A,N/A,N/A,3.0,N/A
H2752,N/A,N/A,N/A,N/A,N/A
H2765,N/A,N/A,N/A,3.5,N/A
H2775,N/A,N/A,N/A,3.0,N/A
H2782,N/A,N/A,N/A,2.5,N/A
H2802,N/A,N/A,N/A,4.0,N/A
H2816,N/A,N/A,N/A,4.0,N/A
H2836,N/A,N/A,N/A,3.0,N/A
H2853,N/A,N/A,N/A,3.0,N/A
H2879,N/A,N/A,N/A,3.0,N/A
H2915,N/A,N/A,N/A,3.5,N/A
H2923,N/A,N/A,N/A,N/A,N/A
H2926,N/A,N/A,N/A,N/A,N/A
H2942,N/A,N/A,N/A,N/A,N/A
H2944,N/A,N/A,N/A,3.5,N/A
H2960,N/A,N/A,N/A,3.5,N/A
H2962,N/A,N/A,N/A,4.0,N/A
H3015,N/A,N/A,N/A,N/A,N/A
H3041,N/A,N/A,N/A,N/A,N/A
H3047,N/A,N/A,N/A,3.0,N/A
H3071,N/A,N/A,N/A,2.5,N/A
H3080,N/A,N/A,N/A,N/A,N/A
H3113,N/A,N/A,N/A,3.5,N/A
H3146,N/A,N/A,N/A,4.0,N/A
H3152,N/A,N/A,N/A,3.5,N/A
H3170,N/A,N/A,N/A,3.0,N/A
H3186,N/A,N/A,N/A,N/A,N/A
H3189,N/A,N/A,N/A,N/A,N/A
H3192,N/A,N/A,N/A,3.5,N/A
H3204,N/A,N/A,N/A,3.0,N/A
H3206,N/A,N/A,N/A,2.5,N/A
H3219,N/A,N/A,N/A,4.5,N/A
H3239,N/A,N/A,N/A,4.0,N/A
H3240,N/A,N/A,N/A,3.0,N/A
H3251,N/A,N/A,N/A,3.0,N/A
H3256,N/A,N/A,N/A,4.5,N/A
H3259,N/A,N/A,N/A,4.0,N/A
H3276,N/A,N/A,N/A,3.0,N/A
H3288,N/A,N/A,N/A,3.5,N/A
H3291,N/A,N/A,N/A,N/A,N/A
H3305,N/A,N/A,N/A,4.5,N/A
H3307,N/A,N/A,N/A,3.0,N/A
H3312,N/A,N/A,N/A,3.5,N/A
H3330,N/A,N/A,N/A,3.0,N/A
H3335,N/A,N/A,N/A,4.5,N/A
H3342,N/A,N/A,N/A,N/A,N/A
H3344,N/A,N/A,N/A,5.0,N/A
H3347,N/A,N/A,N/A,3.5,N/A
H3351,N/A,N/A,N/A,4.0,N/A
H3359,N/A,N/A,N/A,4.0,N/A
H3362,N/A,N/A,N/A,5.0,N/A
H3379,N/A,N/A,N/A,4.0,N/A
H3384,N/A,N/A,N/A,4.0,N/A
H3387,N/A,N/A,N/A,3.5,N/A
H3388,N/A,N/A,N/A,4.5,N/A
H3404,N/A,N/A,N/A,4.5,N/A
H3407,N/A,N/A,N/A,N/A,N/A
H3416,N/A,N/A,N/A,4.5,N/A
H3418,N/A,N/A,N/A,3.0,N/A
H3419,N/A,N/A,N/A,N/A,N/A
H3443,N/A,N/A,N/A,3.5,N/A
H3447,N/A,N/A,N/A,3.5,N/A
H3449,N/A,N/A,N/A,4.0,N/A
H3467,N/A,N/A,N/A,N/A,N/A
H3471,N/A,N/A,N/A,3.0,N/A
H3499,N/A,N/A,N/A,3.0,N/A
H3528,N/A,N/A,N/A,3.5,N/A
H3533,N/A,N/A,N/A,3.0,N/A
H3536,N/A,N/A,N/A,3.5,N/A
H3554,N/A,N/A,N/A,3.5,N/A
H3557,N/A,N/A,N/A,4.5,N/A
H3561,N/A,N/A,N/A,3.0,N/A
H3597,N/A,N/A,N/A,4.0,N/A
H3653,N/A,N/A,N/A,4.0,N/A
H3655,N/A,N/A,N/A,3.5,N/A
H3660,N/A,N/A,N/A,4.5,N/A
H3664,N/A,N/A,N/A,5.0,N/A
H3668,N/A,N/A,N/A,4.5,N/A
H3672,N/A,N/A,N/A,4.0,N/A
H3706,N/A,N/A,N/A,4.5,N/A
H3708,N/A,N/A,N/A,N/A,N/A
H3727,N/A,N/A,N/A,N/A,N/A
H3748,N/A,N/A,N/A,3.5,N/A
H3749,N/A,N/A,N/A,3.5,N/A
H3755,N/A,N/A,N/A,4.0,N/A
H3777,N/A,N/A,N/A,4.5,N/A
H3794,N/A,N/A,N/A,4.5,N/A
H3800,N/A,N/A,N/A,3.0,N/A
H3805,N/A,N/A,N/A,4.0,N/A
H3810,N/A,N/A,N/A,3.0,N/A
H3811,N/A,N/A,N/A,3.0,N/A
H3813,N/A,N/A,N/A,3.0,N/A
H3814,N/A,N/A,N/A,3.0,N/A
H3815,N/A,N/A,N/A,4.0,N/A
H3817,N/A,N/A,N/A,3.5,N/A
H3822,N/A,N/A,N/A,2.5,N/A
H3832,N/A,N/A,N/A,4.0,N/A
H3864,N/A,N/A,N/A,3.5,N/A
H3890,N/A,N/A,N/A,3.0,N/A
H3907,N/A,N/A,N/A,5.0,N/A
H3909,N/A,N/A,N/A,4.5,N/A
H3916,N/A,N/A,N/A,4.5,N/A
H3923,N/A,N/A,N/A,4.0,N/A
H3924,N/A,N/A,N/A,4.0,N/A
H3928,N/A,N/A,N/A,4.0,N/A
H3931,N/A,N/A,N/A,4.0,N/A
H3949,N/A,N/A,N/A,3.5,N/A
H3952,N/A,N/A,N/A,4.0,N/A
H3954,N/A,N/A,N/A,4.0,N/A
H3957,N/A,N/A,N/A,5.0,N/A
H3959,N/A,N/A,N/A,4.5,N/A
H3962,N/A,N/A,N/A,4.0,N/A
H3975,N/A,N/A,N/A,3.5,N/A
H3979,N/A,N/A,N/A,4.0,N/A
H4003,N/A,N/A,N/A,4.0,N/A
H4004,N/A,N/A,N/A,4.5,N/A
H4005,N/A,N/A,N/A,4.0,N/A
H4007,N/A,N/A,N/A,4.5,N/A
H4036,N/A,N/A,N/A,3.5,N/A
H4045,N/A,N/A,N/A,N/A,N/A
H4054,N/A,N/A,N/A,N/A,N/A
H4073,N/A,N/A,N/A,3.0,N/A
H4091,N/A,N/A,N/A,N/A,N/A
H4093,N/A,N/A,N/A,N/A,N/A
H4094,N/A,N/A,N/A,3.0,N/A
H4140,N/A,N/A,N/A,3.5,N/A
H4141,N/A,N/A,N/A,4.0,N/A
H4152,N/A,N/A,N/A,4.5,N/A
H4161,N/A,N/A,N/A,N/A,N/A
H4172,N/A,N/A,N/A,5.0,N/A
H4198,N/A,N/A,N/A,N/A,N/A
H4213,N/A,N/A,N/A,3.5,N/A
H4227,N/A,N/A,N/A,3.5,N/A
H4232,N/A,N/A,N/A,N/A,N/A
H4277,N/A,N/A,N/A,N/A,N/A
H4279,N/A,N/A,N/A,4.5,N/A
H4286,N/A,N/A,N/A,5.0,N/A
H4343,N/A,N/A,N/A,3.0,N/A
H4346,N/A,N/A,N/A,3.0,N/A
H4407,N/A,N/A,N/A,4.0,N/A
H4461,N/A,N/A,N/A,5.0,N/A
H4490,N/A,N/A,N/A,N/A,N/A
H4497,N/A,N/A,N/A,4.5,N/A
H4506,N/A,N/A,N/A,3.0,N/A
H4513,N/A,N/A,N/A,4.0,N/A
H4514,N/A,N/A,N/A,4.0,N/A
H4523,N/A,N/A,N/A,4.0,N/A
H4527,N/A,N/A,N/A,4.5,N/A
H4537,N/A,N/A,N/A,N/A,N/A
H4544,N/A,N/A,N/A,3.0,N/A
H4604,N/A,N/A,N/A,4.5,N/A
H4605,N/A,N/A,N/A,4.0,N/A
H4623,N/A,N/A,N/A,4.0,N/A
H4624,N/A,N/A,N/A,3.0,N/A
H4676,N/A,N/A,N/A,2.5,N/A
H4699,N/A,N/A,N/A,2.5,N/A
H4711,N/A,N/A,N/A,3.0,N/A
H4733,N/A,N/A,N/A,N/A,N/A
H4739,N/A,N/A,N/A,N/A,N/A
H4754,N/A,N/A,N/A,3.5,N/A
H4801,N/A,N/A,N/A,3.0,N/A
H4808,N/A,N/A,N/A,N/A,N/A
H4835,N/A,N/A,N/A,3.0,N/A
H4847,N/A,N/A,N/A,3.0,N/A
H4863,N/A,N/A,N/A,N/A,N/A
H4868,N/A,N/A,N/A,3.0,N/A
H4869,N/A,N/A,N/A,N/A,N/A
H4875,N/A,N/A,N/A,4.5,N/A
H4882,N/A,N/A,N/A,4.5,N/A
H4909,N/A,N/A,N/A,3.0,N/A
H4931,N/A,N/A,N/A,3.5,N/A
H4937,N/A,N/A,N/A,3.5,N/A
H4943,N/A,N/A,N/A,N/A,N/A
H4961,N/A,N/A,N/A,3.0,N/A
H4982,N/A,N/A,N/A,3.0,N/A
H5008,N/A,N/A,N/A,3.5,N/A
H5009,N/A,N/A,N/A,3.0,N/A
H5010,N/A,N/A,N/A,4.0,N/A
H5015,N/A,N/A,N/A,4.0,N/A
H5042,N/A,N/A,N/A,4.5,N/A
H5050,N/A,N/A,N/A,3.5,N/A
H5087,N/A,N/A,N/A,3.0,N/A
H5106,N/A,N/A,N/A,4.5,N/A
H5117,N/A,N/A,N/A,N/A,N/A
H5140,N/A,N/A,N/A,3.5,N/A
H5141,N/A,N/A,N/A,3.0,N/A
H5199,N/A,N/A,N/A,3.0,N/A
H5209,N/A,N/A,N/A,4.0,N/A
H5211,N/A,N/A,N/A,4.0,N/A
H5215,N/A,N/A,N/A,5.0,N/A
H5216,N/A,N/A,N/A,4.5,N/A
H5253,N/A,N/A,N/A,4.5,N/A
H5256,N/A,N/A,N/A,N/A,N/A
H5262,N/A,N/A,N/A,4.5,N/A
H5264,N/A,N/A,N/A,N/A,N/A
H5273,N/A,N/A,N/A,4.0,N/A
H5280,N/A,N/A,N/A,N/A,N/A
H5294,N/A,N/A,N/A,3.0,N/A
H5296,N/A,N/A,N/A,4.5,N/A
H5299,N/A,N/A,N/A,N/A,N/A
H5302,N/A,N/A,N/A,4.0,N/A
H5322,N/A,N/A,N/A,4.0,N/A
H5325,N/A,N/A,N/A,4.0,N/A
H5374,N/A,N/A,N/A,3.0,N/A
H5377,N/A,N/A,N/A,N/A,N/A
H5386,N/A,N/A,N/A,4.5,N/A
H5398,N/A,N/A,N/A,3.5,N/A
H5410,N/A,N/A,N/A,4.5,N/A
H5420,N/A,N/A,N/A,5.0,N/A
H5422,N/A,N/A,N/A,3.0,N/A
H5425,N/A,N/A,N/A,3.5,N/A
H5427,N/A,N/A,N/A,4.5,N/A
H5431,N/A,N/A,N/A,4.5,N/A
H5433,N/A,N/A,N/A,3.0,N/A
H5434,N/A,N/A,N/A,3.5,N/A
H5435,N/A,N/A,N/A,3.0,N/A
H5439,N/A,N/A,N/A,2.5,N/A
H5447,N/A,N/A,N/A,N/A,N/A
H5454,N/A,N/A,N/A,N/A,N/A
H5471,N/A,N/A,N/A,5.0,N/A
H5472,N/A,N/A,N/A,N/A,N/A
H5475,N/A,N/A,N/A,2.5,N/A
H5496,N/A,N/A,N/A,3.0,N/A
H5521,N/A,N/A,N/A,4.0,N/A
H5522,N/A,N/A,N/A,4.5,N/A
H5525,N/A,N/A,N/A,4.0,N/A
H5526,N/A,N/A,N/A,4.0,N/A
H5533,N/A,N/A,N/A,5.0,N/A
H5549,N/A,N/A,N/A,3.0,N/A
H5577,N/A,N/A,N/A,5.0,N/A
H5580,N/A,N/A,N/A,3.5,N/A
H5587,N/A,N/A,N/A,3.5,N/A
H5590,N/A,N/A,N/A,3.0,N/A
H5591,N/A,N/A,N/A,4.5,N/A
H5593,N/A,N/A,N/A,4.5,N/A
H5594,N/A,N/A,N/A,5.0,N/A
H5599,N/A,N/A,N/A,3.0,N/A
H5608,N/A,N/A,N/A,3.5,N/A
H5619,N/A,N/A,N/A,4.0,N/A
H5628,N/A,N/A,N/A,3.0,N/A
H5649,N/A,N/A,N/A,3.5,N/A
H5652,N/A,N/A,N/A,5.0,N/A
H5703,N/A,N/A,N/A,N/A,N/A
H5774,N/A,N/A,N/A,4.5,N/A
H5779,N/A,N/A,N/A,3.0,N/A
H5793,N/A,N/A,N/A,4.0,N/A
H5810,N/A,N/A,N/A,2.5,N/A
H5823,N/A,N/A,N/A,2.5,N/A
H5826,N/A,N/A,N/A,3.5,N/A
H5828,N/A,N/A,N/A,3.5,N/A
H5843,N/A,N/A,N/A,3.5,N/A
H5852,N/A,N/A,N/A,3.0,N/A
H5854,N/A,N/A,N/A,4.0,N/A
H5859,N/A,N/A,N/A,3.5,N/A
H5883,N/A,N/A,N/A,4.0,N/A
H5900,N/A,N/A,N/A,3.5,N/A
H5926,N/A,N/A,N/A,2.5,N/A
H5928,N/A,N/A,N/A,3.5,N/A
H5932,N/A,N/A,N/A,4.0,N/A
H5937,N/A,N/A,N/A,3.5,N/A
H5938,N/A,N/A,N/A,4.5,N/A
H5943,N/A,N/A,N/A,3.0,N/A
H5945,N/A,N/A,N/A,3.5,N/A
H5959,N/A,N/A,N/A,4.5,N/A
H5965,N/A,N/A,N/A,N/A,N/A
H5969,N/A,N/A,N/A,3.0,N/A
H5970,N/A,N/A,N/A,3.5,N/A
H5989,N/A,N/A,N/A,3.5,N/A
H5991,N/A,N/A,N/A,3.0,N/A
H5992,N/A,N/A,N/A,N/A,N/A
H5995,N/A,N/A,N/A,3.0,N/A
H6018,N/A,N/A,N/A,N/A,N/A
H6019,N/A,N/A,N/A,N/A,N/A
H6067,N/A,N/A,N/A,2.5,N/A
H6078,N/A,N/A,N/A,4.0,N/A
H6080,N/A,N/A,N/A,N/A,N/A
H6154,N/A,N/A,N/A,3.0,N/A
H6158,N/A,N/A,N/A,3.5,N/A
H6193,N/A,N/A,N/A,N/A,N/A
H6200,N/A,N/A,N/A,N/A,N/A
H6202,N/A,N/A,N/A,4.5,N/A
H6237,N/A,N/A,N/A,3.5,N/A
H6306,N/A,N/A,N/A,4.5,N/A
H6316,N/A,N/A,N/A,N/A,N/A
H6322,N/A,N/A,N/A,N/A,N/A
H6328,N/A,N/A,N/A,3.5,N/A
H6345,N/A,N/A,N/A,4.0,N/A
H6348,N/A,N/A,N/A,3.0,N/A
H6351,N/A,N/A,N/A,N/A,N/A
H6378,N/A,N/A,N/A,N/A,N/A
H6379,N/A,N/A,N/A,N/A,N/A
H6396,N/A,N/A,N/A,4.0,N/A
H6399,N/A,N/A,N/A,3.0,N/A
H6408,N/A,N/A,N/A,N/A,N/A
H6446,N/A,N/A,N/A,3.0,N/A
H6453,N/A,N/A,N/A,4.5,N/A
H6502,N/A,N/A,N/A,3.5,N/A
H6526,N/A,N/A,N/A,3.0,N/A
H6529,N/A,N/A,N/A,N/A,N/A
H6545,N/A,N/A,N/A,N/A,N/A
H6550,N/A,N/A,N/A,3.0,N/A
H6586,N/A,N/A,N/A,N/A,N/A
H6594,N/A,N/A,N/A,3.0,N/A
H6595,N/A,N/A,N/A,4.0,N/A
H6605,N/A,N/A,N/A,2.0,N/A
H6622,N/A,N/A,N/A,4.0,N/A
H6678,N/A,N/A,N/A,3.0,N/A
H6706,N/A,N/A,N/A,N/A,N/A
H6713,N/A,N/A,N/A,2.5,N/A
H6723,N/A,N/A,N/A,4.5,N/A
H6743,N/A,N/A,N/A,2.5,N/A
H6750,N/A,N/A,N/A,3.5,N/A
H6765,N/A,N/A,N/A,N/A,N/A
H6776,N/A,N/A,N/A,N/A,N/A
H6813,N/A,N/A,N/A,N/A,N/A
H6815,N/A,N/A,N/A,3.0,N/A
H6830,N/A,N/A,N/A,N/A,N/A
H6832,N/A,N/A,N/A,N/A,N/A
H6847,N/A,N/A,N/A,N/A,N/A
H6851,N/A,N/A,N/A,N/A,N/A
H6852,N/A,N/A,N/A,N/A,N/A
H6870,N/A,N/A,N/A,N/A,N/A
H6874,N/A,N/A,N/A,N/A,N/A
H6891,N/A,N/A,N/A,N/A,N/A
H6898,N/A,N/A,N/A,3.5,N/A
H6910,N/A,N/A,N/A,3.5,N/A
H6959,N/A,N/A,N/A,N/A,N/A
H6975,N/A,N/A,N/A,2.5,N/A
H6988,N/A,N/A,N/A,3.5,N/A
H7006,N/A,N/A,N/A,3.0,N/A
H7020,N/A,N/A,N/A,4.0,N/A
H7028,N/A,N/A,N/A,N/A,N/A
H7063,N/A,N/A,N/A,4.0,N/A
H7074,N/A,N/A,N/A,N/A,N/A
H7093,N/A,N/A,N/A,3.0,N/A
H7115,N/A,N/A,N/A,3.0,N/A
H7123,N/A,N/A,N/A,3.5,N/A
H7147,N/A,N/A,N/A,N/A,N/A
H7149,N/A,N/A,N/A,4.0,N/A
H7151,N/A,N/A,N/A,3.5,N/A
H7163,N/A,N/A,N/A,N/A,N/A
H7165,N/A,N/A,N/A,N/A,N/A
H7169,N/A,N/A,N/A,2.5,N/A
H7172,N/A,N/A,N/A,N/A,N/A
H7175,N/A,N/A,N/A,2.5,N/A
H7199,N/A,N/A,N/A,N/A,N/A
H7220,N/A,N/A,N/A,4.0,N/A
H7245,N/A,N/A,N/A,3.0,N/A
H7273,N/A,N/A,N/A,N/A,N/A
H7284,N/A,N/A,N/A,4.0,N/A
H7301,N/A,N/A,N/A,4.0,N/A
H7323,N/A,N/A,N/A,2.5,N/A
H7326,N/A,N/A,N/A,3.5,N/A
H7330,N/A,N/A,N/A,2.5,N/A
H7360,N/A,N/A,N/A,N/A,N/A
H7379,N/A,N/A,N/A,3.5,N/A
H7389,N/A,N/A,N/A,N/A,N/A
H7399,N/A,N/A,N/A,3.0,N/A
H7404,N/A,N/A,N/A,3.5,N/A
H7419,N/A,N/A,N/A,N/A,N/A
H7464,N/A,N/A,N/A,3.5,N/A
H7511,N/A,N/A,N/A,N/A,N/A
H7512,N/A,N/A,N/A,3.0,N/A
H7518,N/A,N/A,N/A,3.0,N/A
H7522,N/A,N/A,N/A,4.0,N/A
H7557,N/A,N/A,N/A,N/A,N/A
H7559,N/A,N/A,N/A,2.5,N/A
H7605,N/A,N/A,N/A,N/A,N/A
H7607,N/A,N/A,N/A,3.0,N/A
H7617,N/A,N/A,N/A,5.0,N/A
H7621,N/A,N/A,N/A,3.5,N/A
H7646,N/A,N/A,N/A,4.5,N/A
H7670,N/A,N/A,N/A,N/A,N/A
H7678,N/A,N/A,N/A,2.5,N/A
H7680,N/A,N/A,N/A,4.0,N/A
H7746,N/A,N/A,N/A,N/A,N/A
H7778,N/A,N/A,N/A,N/A,N/A
H7779,N/A,N/A,N/A,N/A,N/A
H7787,N/A,N/A,N/A,3.0,N/A
H7833,N/A,N/A,N/A,N/A,N/A
H7844,N/A,N/A,N/A,N/A,N/A
H7849,N/A,N/A,N/A,3.0,N/A
H7917,N/A,N/A,N/A,4.5,N/A
H7925,N/A,N/A,N/A,3.5,N/A
H7993,N/A,N/A,N/A,4.5,N/A
H8003,N/A,N/A,N/A,4.0,N/A
H8010,N/A,N/A,N/A,3.0,N/A
H8019,N/A,N/A,N/A,4.5,N/A
H8026,N/A,N/A,N/A,N/A,N/A
H8046,N/A,N/A,N/A,N/A,N/A
H8064,N/A,N/A,N/A,N/A,N/A
H8067,N/A,N/A,N/A,N/A,N/A
H8070,N/A,N/A,N/A,N/A,N/A
H8093,N/A,N/A,N/A,4.0,N/A
H8095,N/A,N/A,N/A,N/A,N/A
H8121,N/A,N/A,N/A,N/A,N/A
H8133,N/A,N/A,N/A,3.5,N/A
H8142,N/A,N/A,N/A,4.0,N/A
H8145,N/A,N/A,N/A,4.0,N/A
H8166,N/A,N/A,N/A,4.0,N/A
H8173,N/A,N/A,N/A,4.0,N/A
H8176,N/A,N/A,N/A,3.5,N/A
H8181,N/A,N/A,N/A,4.0,N/A
H8189,N/A,N/A,N/A,3.5,N/A
H8197,N/A,N/A,N/A,N/A,N/A
H8211,N/A,N/A,N/A,3.5,N/A
H8213,N/A,N/A,N/A,N/A,N/A
H8225,N/A,N/A,N/A,2.5,N/A
H8293,N/A,N/A,N/A,N/A,N/A
H8298,N/A,N/A,N/A,3.5,N/A
H8330,N/A,N/A,N/A,4.5,N/A
H8332,N/A,N/A,N/A,3.0,N/A
H8379,N/A,N/A,N/A,4.0,N/A
H8385,N/A,N/A,N/A,4.5,N/A
H8432,N/A,N/A,N/A,3.0,N/A
H8452,N/A,N/A,N/A,N/A,N/A
H8457,N/A,N/A,N/A,N/A,N/A
H8458,N/A,N/A,N/A,N/A,N/A
H8492,N/A,N/A,N/A,N/A,N/A
H8547,N/A,N/A,N/A,N/A,N/A
H8552,N/A,N/A,N/A,2.5,N/A
H8553,N/A,N/A,N/A,2.5,N/A
H8554,N/A,N/A,N/A,3.0,N/A
H8578,N/A,N/A,N/A,3.0,N/A
H8597,N/A,N/A,N/A,3.5,N/A
H8604,N/A,N/A,N/A,4.0,N/A
H8634,N/A,N/A,N/A,3.0,N/A
H8649,N/A,N/A,N/A,3.5,N/A
H8764,N/A,N/A,N/A,3.0,N/A
H8768,N/A,N/A,N/A,4.0,N/A
H8783,N/A,N/A,N/A,4.5,N/A
H8786,N/A,N/A,N/A,N/A,N/A
H8797,N/A,N/A,N/A,N/A,N/A
H8845,N/A,N/A,N/A,N/A,N/A
H8849,N/A,N/A,N/A,3.0,N/A
H8854,N/A,N/A,N/A,3.5,N/A
H8889,N/A,N/A,N/A,4.0,N/A
H8894,N/A,N/A,N/A,N/A,N/A
H8902,N/A,N/A,N/A,N/A,N/A
H8908,N/A,N/A,N/A,3.5,N/A
H8928,N/A,N/A,N/A,4.0,N/A
H8967,N/A,N/A,N/A,N/A,N/A
H8998,N/A,N/A,N/A,N/A,N/A
H9001,N/A,N/A,N/A,4.0,N/A
H9003,N/A,N/A,N/A,3.5,N/A
H9042,N/A,N/A,N/A,N/A,N/A
H9047,N/A,N/A,N/A,3.5,N/A
H9065,N/A,N/A,N/A,3.5,N/A
H9066,N/A,N/A,N/A,N/A,N/A
H9096,N/A,N/A,N/A,4.5,N/A
H9147,N/A,N/A,N/A,2.5,N/A
H9153,N/A,N/A,N/A,5.0,N/A
H9191,N/A,N/A,N/A,3.5,N/A
H9207,N/A,N/A,N/A,3.5,N/A
H9219,N/A,N/A,N/A,3.5,N/A
H9231,N/A,N/A,N/A,N/A,N/A
H9239,N/A,N/A,N/A,N/A,N/A
H9258,N/A,N/A,N/A,N/A,N/A
H9306,N/A,N/A,N/A,2.5,N/A
H9335,N/A,N/A,N/A,3.0,N/A
H9357,N/A,N/A,N/A,2.5,N/A
H9364,N/A,N/A,N/A,3.5,N/A
H9387,N/A,N/A,N/A,2.5,N/A
H9414,N/A,N/A,N/A,N/A,N/A
H9428,N/A,N/A,N/A,2.5,N/A
H9431,N/A,N/A,N/A,3.0,N/A
H9460,N/A,N/A,N/A,3.5,N/A
H9469,N/A,N/A,N/A,N/A,N/A
H9485,N/A,N/A,N/A,N/A,N/A
H9489,N/A,N/A,N/A,N/A,N/A
H9525,N/A,N/A,N/A,4.0,N/A
H9572,N/A,N/A,N/A,4.0,N/A
H9576,N/A,N/A,N/A,N/A,N/A
H9585,N/A,N/A,N/A,4.0,N/A
H9590,N/A,N/A,N/A,N/A,N/A
H9614,N/A,N/A,N/A,N/A,N/A
H9615,N/A,N/A,N/A,3.5,N/A
H9630,N/A,N/A,N/A,3.5,N/A
H9678,N/A,N/A,N/A,N/A,N/A
H9686,N/A,N/A,N/A,3.5,N/A
H9699,N/A,N/A,N/A,4.0,N/A
H9706,N/A,N/A,N/A,3.0,N/A
H9712,N/A,N/A,N/A,N/A,N/A
H9725,N/A,N/A,N/A,4.5,N/A
H9730,N/A,N/A,N/A,3.5,N/A
H9761,N/A,N/A,N/A,2.5,N/A
H9763,N/A,N/A,N/A,4.0,N/A
H9808,N/A,N/A,N/A,4.0,N/A
H9811,N/A,N/A,N/A,2.5,N/A
H9826,N/A,N/A,N/A,N/A,N/A
H9827,N/A,N/A,N/A,N/A,N/A
H9834,N/A,N/A,N/A,5.0,N/A
H9861,N/A,N/A,N/A,N/A,N/A
H9869,N/A,N/A,N/A,N/A,N/A
H9876,N/A,N/A,N/A,N/A,N/A
H9884,N/A,N/A,N/A,N/A,N/A
H9888,N/A,N/A,N/A,N/A,N/A
H9900,N/A,N/A,N/A,2.0,N/A
H9904,N/A,N/A,N/A,N/A,N/A
H9907,N/A,N/A,N/A,N/A,N/A
H9909,N/A,N/A,N/A,N/A,N/A
H9917,N/A,N/A,N/A,N/A,N/A
H9942,N/A,N/A,N/A,3.0,N/A
H9943,N/A,N/A,N/A,N/A,N/A
H9952,N/A,N/A,N/A,3.5,N/A
H9955,N/A,N/A,N/A,3.0,N/A
H9976,N/A,N/A,N/A,2.0,N/A
H9986,N/A,N/A,N/A,N/A,N/A
R0110,N/A,N/A,N/A,4.5,N/A
R0759,N/A,N/A,N/A,3.5,N/A
R0865,N/A,N/A,N/A,4.0,N/A
R0923,N/A,N/A,N/A,4.0,N/A
R1390,N/A,N/A,N/A,3.5,N/A
R1532,N/A,N/A,N/A,3.0,N/A
R2604,N/A,N/A,N/A,4.0,N/A
R3175,N/A,N/A,N/A,3.0,N/A
R3332,N/A,N/A,N/A,3.5,N/A
R3392,N/A,N/A,N/A,4.0,N/A
R3444,N/A,N/A,N/A,3.5,N/A
R3887,N/A,N/A,N/A,4.0,N/A
R4182,N/A,N/A,N/A,3.5,N/A
R4487,N/A,N/A,N/A,3.5,N/A
R4845,N/A,N/A,N/A,3.0,N/A
R5329,N/A,N/A,N/A,3.5,N/A
R5342,N/A,N/A,N/A,3.5,N/A
R5361,N/A,N/A,N/A,4.0,N/A
R5495,N/A,N/A,N/A,4.0,N/A
R5826,N/A,N/A,N/A,3.5,N/A
R5941,N/A,N/A,N/A,3.5,N/A
R6694,N/A,N/A,N/A,4.0,N/A
R6801,N/A,N/A,N/A,3.5,N/A
R7220,N/A,N/A,N/A,3.0,N/A
R7315,N/A,N/A,N/A,3.5,N/A
R7444,N/A,N/A,N/A,3.5,N/A
S0586,N/A,N/A,N/A,N/A,N/A
S0655,N/A,N/A,N/A,N/A,N/A
S1030,N/A,N/A,N/A,N/A,N/A
S1140,N/A,N/A,N/A,N/A,N/A
S1822,N/A,N/A,N/A,N/A,N/A
S2465,N/A,N/A,N/A,N/A,N/A
S2468,N/A,N/A,N/A,N/A,N/A
S2668,N/A,N/A,N/A,N/A,N/A
S2874,N/A,N/A,N/A,N/A,N/A
S2893,N/A,N/A,N/A,N/A,N/A
S3285,N/A,N/A,N/A,N/A,N/A
S3389,N/A,N/A,N/A,N/A,N/A
S3521,N/A,N/A,N/A,N/A,N/A
S4219,N/A,N/A,N/A,N/A,N/A
S4501,N/A,N/A,N/A,N/A,N/A
S4802,N/A,N/A,N/A,N/A,N/A
S5540,N/A,N/A,N/A,N/A,N/A
S5552,N/A,N/A,N/A,N/A,N/A
S5584,N/A,N/A,N/A,N/A,N/A
S5593,N/A,N/A,N/A,N/A,N/A
S5596,N/A,N/A,N/A,N/A,N/A
S5601,N/A,N/A,N/A,N/A,N/A
S5609,N/A,N/A,N/A,N/A,N/A
S5617,N/A,N/A,N/A,N/A,N/A
S5660,N/A,N/A,N/A,N/A,N/A
S5715,N/A,N/A,N/A,N/A,N/A
S5726,N/A,N/A,N/A,N/A,N/A
S5743,N/A,N/A,N/A,N/A,N/A
S5795,N/A,N/A,N/A,N/A,N/A
S5805,N/A,N/A,N/A,N/A,N/A
S5820,N/A,N/A,N/A,N/A,N/A
S5857,N/A,N/A,N/A,N/A,N/A
S5877,N/A,N/A,N/A,N/A,N/A
S5884,N/A,N/A,N/A,N/A,N/A
S5904,N/A,N/A,N/A,N/A,N/A
S5916,N/A,N/A,N/A,N/A,N/A
S5921,N/A,N/A,N/A,N/A,N/A
S5953,N/A,N/A,N/A,N/A,N/A
S5960,N/A,N/A,N/A,N/A,N/A
S5966,N/A,N/A,N/A,N/A,N/A
S5975,N/A,N/A,N/A,N/A,N/A
S5993,N/A,N/A,N/A,N/A,N/A
S6506,N/A,N/A,N/A,N/A,N/A
S6875,N/A,N/A,N/A,N/A,N/A
S6946,N/A,N/A,N/A,N/A,N/A
S7126,N/A,N/A,N/A,N/A,N/A
S7694,N/A,N/A,N/A,N/A,N/A
S8067,N/A,N/A,N/A,N/A,N/A
S8841,N/A,N/A,N/A,N/A,N/A
S9701,N/A,N/A,N/A,N/A,N/A
